Var1,Var2,R value,P value
C_C,C_C,1.000000000,0.000000000
C_C,C_SI,0.211620000,0.037914184
C_C,C_MN,0.113790000,0.264388903
C_C,C_P,-0.401600000,0.693664430
C_C,C_S1,0.216450000,0.033739630
C_C,C_V,-0.227590000,0.025583901
C_C,C_TI,-0.618100000,0.544360443
C_C,C_CR,0.175370000,0.085406167
C_C,C_NI,0.131670000,0.196543237
C_C,C_CAO,-0.708300000,0.487241684
C_C,C_SIO2,0.165640000,0.104228026
C_C,C_MGO,0.972800000,0.340015023
C_C,C_AL2O3,-0.358000000,0.725495231
C_C,C_FEO,0.239560000,0.018777501
C_C,C_S2,-0.546400000,0.592022185
C_C,C_TIO2,-0.136880000,0.179411598
C_C,C_V2O5,0.171260000,0.092991371
C_C,BA,0.165800000,0.870821437
C_C,CCO,-0.553500000,0.587218143
C_C,CCO2,0.182150000,0.073992764
C_C,CH2,-0.877000000,0.389695446
C_C,CN2,0.102060000,0.316816728
C_C,C_CH4,-0.516900000,0.612173065
C_C,FOCA,0.104340000,0.306126009
C_C,POCA,-0.147500000,0.147968446
C_C,OEF,-0.587000000,0.564798383
C_C,OEP,0.000000000,1.000000000
C_C,TOHA,0.000000000,1.000000000
C_C,POHA,0.236510000,0.020341305
C_C,AWS,-0.127800000,0.210023274
C_C,FOCW,0.592100000,0.561421668
C_C,BKE,0.280900000,0.782928597
C_C,FOTCW,0.000000000,1.000000000
C_C,CIV,-0.392700000,0.700120423
C_C,FS,0.729900000,0.474060188
C_C,FA,-0.498800000,0.624685000
C_C,NOCR,0.000000000,1.000000000
C_C,BWOO,0.000000000,1.000000000
C_C,BWOC,0.139800000,0.890940229
C_C,TOMI,-0.341290000,0.000813045
C_C,TFP,-0.559800000,0.582970573
C_C,TFT,-0.319500000,0.754004615
C_C,SPOF,-0.870000000,0.993191832
C_C,PDOIF,-0.172440000,0.090760264
C_C,PDOUF,-0.106730000,0.295179139
C_C,PDOCF,-0.242770000,0.017246222
C_C,OER,-0.232740000,0.022430308
C_C,TCT,-0.217280000,0.033063350
C_C,UROCG,0.635600000,0.533023842
C_C,BGV,0.100610000,0.323741532
C_C,TLOF,-0.190030000,0.062326693
C_C,API,0.122440000,0.229780335
C_C,TOCW,-0.828400000,0.416504334
C_C,SWS,-0.671200000,0.510336386
C_C,FOCG,0.000000000,1.000000000
C_C,ABT,0.740000000,0.467964511
C_C,VST,0.000000000,1.000000000
C_SI,C_C,0.211620000,0.037914184
C_SI,C_SI,1.000000000,0.000000000
C_SI,C_MN,0.154700000,0.129172362
C_SI,C_P,0.340600000,0.738335632
C_SI,C_S1,0.848912000,0.000000000
C_SI,C_V,-0.153800000,0.880097461
C_SI,C_TI,-0.102590000,0.314310019
C_SI,C_CR,-0.425400000,0.676510063
C_SI,C_NI,0.106580000,0.295858372
C_SI,C_CAO,0.942000000,0.926387799
C_SI,C_SIO2,-0.175850000,0.084553887
C_SI,C_MGO,0.104860000,0.303721654
C_SI,C_AL2O3,0.635600000,0.533023842
C_SI,C_FEO,0.849572000,0.000000000
C_SI,C_S2,0.685900000,0.501117732
C_SI,C_TIO2,-0.713200000,0.484234191
C_SI,C_V2O5,-0.103720000,0.309009184
C_SI,BA,-0.333700000,0.743448025
C_SI,CCO,-0.248060000,0.014960935
C_SI,CCO2,0.359810000,0.000415363
C_SI,CH2,0.619600000,0.543384058
C_SI,CN2,-0.303100000,0.766254060
C_SI,C_CH4,0.980300000,0.336304833
C_SI,FOCA,0.447930000,0.000011054
C_SI,POCA,-0.394113000,0.000000000
C_SI,OEF,-0.172930000,0.089846528
C_SI,OEP,0.000000000,1.000000000
C_SI,TOHA,0.000000000,1.000000000
C_SI,POHA,-0.837400000,0.411459257
C_SI,AWS,-0.494690000,0.000001205
C_SI,FOCW,0.727000000,0.943156227
C_SI,BKE,0.576300000,0.571914439
C_SI,FOTCW,0.000000000,1.000000000
C_SI,CIV,-0.117500000,0.249128559
C_SI,FS,0.402750000,0.000077586
C_SI,FA,-0.162500000,0.873370629
C_SI,NOCR,0.000000000,1.000000000
C_SI,BWOO,0.000000000,1.000000000
C_SI,BWOC,-0.158960000,0.118957787
C_SI,TOMI,-0.608533000,0.000000000
C_SI,TFP,-0.325652000,0.000000000
C_SI,TFT,-0.155320000,0.127644738
C_SI,SPOF,0.558800000,0.583643833
C_SI,PDOIF,-0.530880000,0.000000188
C_SI,PDOUF,-0.504270000,0.000000746
C_SI,PDOCF,-0.105100000,0.917898597
C_SI,OER,-0.886089000,0.000000000
C_SI,TCT,-0.878824000,0.000000000
C_SI,UROCG,-0.256767000,0.000000000
C_SI,BGV,0.237810000,0.019661388
C_SI,TLOF,-0.836691000,0.000000000
C_SI,API,0.122732000,0.000000000
C_SI,TOCW,0.824500000,0.418701819
C_SI,SWS,-0.463200000,0.649609609
C_SI,FOCG,0.000000000,1.000000000
C_SI,ABT,0.160190000,0.116129442
C_SI,VST,0.000000000,1.000000000
C_MN,C_C,0.113790000,0.264388903
C_MN,C_SI,0.154700000,0.129172362
C_MN,C_MN,1.000000000,0.000000000
C_MN,C_P,-0.147020000,0.149292184
C_MN,C_S1,0.762000000,0.454838313
C_MN,C_V,0.489900000,0.630877485
C_MN,C_TI,0.703100000,0.490444307
C_MN,C_CR,0.889700000,0.382866651
C_MN,C_NI,-0.127000000,0.990061775
C_MN,C_CAO,-0.910000000,0.372104724
C_MN,C_SIO2,-0.144150000,0.157396271
C_MN,C_MGO,-0.798000000,0.433813124
C_MN,C_AL2O3,0.808000000,0.936835457
C_MN,C_FEO,0.764700000,0.453241781
C_MN,C_S2,0.121350000,0.233954791
C_MN,C_TIO2,-0.171200000,0.866652937
C_MN,C_V2O5,0.827000000,0.935353369
C_MN,BA,-0.443100000,0.663859762
C_MN,CCO,-0.867000000,0.395124221
C_MN,CCO2,-0.105920000,0.298859416
C_MN,CH2,0.537500000,0.598069498
C_MN,CN2,0.441800000,0.664785683
C_MN,C_CH4,0.895400000,0.379825743
C_MN,FOCA,-0.882600000,0.386675241
C_MN,POCA,-0.471300000,0.643902676
C_MN,OEF,0.754500000,0.459289702
C_MN,OEP,0.000000000,1.000000000
C_MN,TOHA,0.000000000,1.000000000
C_MN,POHA,-0.172080000,0.091436330
C_MN,AWS,0.174490000,0.086986706
C_MN,FOCW,-0.123740000,0.224871234
C_MN,BKE,-0.324600000,0.750207755
C_MN,FOTCW,0.000000000,1.000000000
C_MN,CIV,0.344400000,0.735525027
C_MN,FS,0.115350000,0.257895406
C_MN,FA,0.144270000,0.157050879
C_MN,NOCR,0.000000000,1.000000000
C_MN,BWOO,0.000000000,1.000000000
C_MN,BWOC,0.424600000,0.677084023
C_MN,TOMI,-0.854300000,0.402084279
C_MN,TFP,-0.133230000,0.191292477
C_MN,TFT,0.560000000,0.995617700
C_MN,SPOF,0.310950000,0.002284564
C_MN,PDOIF,-0.624000000,0.951198868
C_MN,PDOUF,0.219600000,0.829469617
C_MN,PDOCF,-0.356700000,0.726451961
C_MN,OER,-0.169520000,0.096361384
C_MN,TCT,-0.192090000,0.059541403
C_MN,UROCG,-0.688500000,0.499496452
C_MN,BGV,0.968800000,0.342004476
C_MN,TLOF,-0.162630000,0.110675327
C_MN,API,-0.235500000,0.817333072
C_MN,TOCW,0.217210000,0.033119934
C_MN,SWS,-0.193580000,0.057591809
C_MN,FOCG,0.000000000,1.000000000
C_MN,ABT,-0.296100000,0.771500527
C_MN,VST,0.000000000,1.000000000
C_P,C_C,-0.401600000,0.693664430
C_P,C_SI,0.340600000,0.738335632
C_P,C_MN,-0.147020000,0.149292184
C_P,C_P,1.000000000,0.000000000
C_P,C_S1,0.597300000,0.557988827
C_P,C_V,-0.908500000,0.372893466
C_P,C_TI,0.225500000,0.824961205
C_P,C_CR,0.229890000,0.024130990
C_P,C_NI,0.219100000,0.031620931
C_P,C_CAO,0.114930000,0.259632676
C_P,C_SIO2,-0.117500000,0.249128559
C_P,C_MGO,-0.677000000,0.506688534
C_P,C_AL2O3,0.183400000,0.857249031
C_P,C_FEO,-0.106800000,0.916575412
C_P,C_S2,0.218600000,0.830234316
C_P,C_TIO2,-0.470000000,0.963232813
C_P,C_V2O5,0.151500000,0.881877286
C_P,BA,-0.196200000,0.847404392
C_P,CCO,0.125960000,0.216662063
C_P,CCO2,-0.168030000,0.099324229
C_P,CH2,-0.177740000,0.081264687
C_P,CN2,0.363000000,0.971599158
C_P,C_CH4,0.412400000,0.685859987
C_P,FOCA,0.949500000,0.351707934
C_P,POCA,-0.701800000,0.491246727
C_P,OEF,-0.934200000,0.359522952
C_P,OEP,0.000000000,1.000000000
C_P,TOHA,0.000000000,1.000000000
C_P,POHA,0.938500000,0.357315632
C_P,AWS,0.109740000,0.281769905
C_P,FOCW,-0.350400000,0.000586579
C_P,BKE,-0.167730000,0.099929475
C_P,FOTCW,0.000000000,1.000000000
C_P,CIV,0.516000000,0.959637256
C_P,FS,-0.103100000,0.919455577
C_P,FA,0.146100000,0.151854581
C_P,NOCR,0.000000000,1.000000000
C_P,BWOO,0.000000000,1.000000000
C_P,BWOC,0.563200000,0.580684202
C_P,TOMI,-0.819000000,0.935977379
C_P,TFP,0.304100000,0.765505433
C_P,TFT,0.209000000,0.837583502
C_P,SPOF,0.589800000,0.562943291
C_P,PDOIF,0.933000000,0.927089130
C_P,PDOUF,0.149000000,0.988340307
C_P,PDOCF,0.405600000,0.690770052
C_P,OER,-0.146000000,0.886135792
C_P,TCT,-0.682800000,0.503054434
C_P,UROCG,-0.178810000,0.079449067
C_P,BGV,-0.785400000,0.441107286
C_P,TLOF,-0.125900000,0.901725766
C_P,API,0.193100000,0.849786518
C_P,TOCW,0.129720000,0.203254131
C_P,SWS,0.120110000,0.238768718
C_P,FOCG,0.000000000,1.000000000
C_P,ABT,-0.987100000,0.332963527
C_P,VST,0.000000000,1.000000000
C_S1,C_C,0.216450000,0.033739630
C_S1,C_SI,0.848912000,0.000000000
C_S1,C_MN,0.762000000,0.454838313
C_S1,C_P,0.597300000,0.557988827
C_S1,C_S1,1.000000000,0.000000000
C_S1,C_V,0.471000000,0.963154640
C_S1,C_TI,-0.892400000,0.381424366
C_S1,C_CR,-0.129940000,0.202488761
C_S1,C_NI,0.745700000,0.464543633
C_S1,C_CAO,-0.700000000,0.945263965
C_S1,C_SIO2,-0.202040000,0.047502593
C_S1,C_MGO,0.882600000,0.386675241
C_S1,C_AL2O3,-0.860000000,0.993270084
C_S1,C_FEO,0.909941000,0.000000000
C_S1,C_S2,0.111800000,0.912685043
C_S1,C_TIO2,-0.148400000,0.884277123
C_S1,C_V2O5,-0.134180000,0.188145873
C_S1,BA,-0.200000000,0.844486269
C_S1,CCO,-0.355750000,0.000482538
C_S1,CCO2,0.480850000,0.000002372
C_S1,CH2,0.612300000,0.548143979
C_S1,CN2,-0.866500000,0.395396855
C_S1,C_CH4,0.191150000,0.060799282
C_S1,FOCA,0.603410000,0.000000003
C_S1,POCA,-0.374263000,0.000000000
C_S1,OEF,-0.129840000,0.202836396
C_S1,OEP,0.000000000,1.000000000
C_S1,TOHA,0.000000000,1.000000000
C_S1,POHA,-0.127700000,0.210380252
C_S1,AWS,-0.733070000,0.000000000
C_S1,FOCW,0.241000000,0.813144911
C_S1,BKE,0.446800000,0.661227260
C_S1,FOTCW,0.000000000,1.000000000
C_S1,CIV,-0.977000000,0.337934096
C_S1,FS,0.511080000,0.000000528
C_S1,FA,0.253500000,0.803646389
C_S1,NOCR,0.000000000,1.000000000
C_S1,BWOO,0.000000000,1.000000000
C_S1,BWOC,-0.104120000,0.307147024
C_S1,TOMI,-0.537825000,0.000000000
C_S1,TFP,-0.352292000,0.000000000
C_S1,TFT,-0.200380000,0.049355780
C_S1,SPOF,0.275900000,0.786698224
C_S1,PDOIF,-0.770520000,0.000000000
C_S1,PDOUF,-0.694750000,0.000000000
C_S1,PDOCF,0.517900000,0.611485039
C_S1,OER,-0.672007000,0.000000000
C_S1,TCT,-0.846106000,0.000000000
C_S1,UROCG,-0.249363000,0.000000000
C_S1,BGV,0.267120000,0.008783825
C_S1,TLOF,-0.599694000,0.000000000
C_S1,API,0.875240000,0.000000000
C_S1,TOCW,0.119770000,0.240100788
C_S1,SWS,-0.578000000,0.570781008
C_S1,FOCG,0.000000000,1.000000000
C_S1,ABT,0.658100000,0.518625753
C_S1,VST,0.000000000,1.000000000
C_V,C_C,-0.227590000,0.025583901
C_V,C_SI,-0.153800000,0.880097461
C_V,C_MN,0.489900000,0.630877485
C_V,C_P,-0.908500000,0.372893466
C_V,C_S1,0.471000000,0.963154640
C_V,C_V,1.000000000,0.000000000
C_V,C_TI,-0.675100000,0.507882009
C_V,C_CR,-0.119580000,0.240847457
C_V,C_NI,0.519000000,0.959402791
C_V,C_CAO,-0.798000000,0.937615592
C_V,C_SIO2,-0.983800000,0.334582358
C_V,C_MGO,0.864600000,0.396433898
C_V,C_AL2O3,0.152930000,0.133611652
C_V,C_FEO,0.138500000,0.891948125
C_V,C_S2,-0.139630000,0.170829125
C_V,C_TIO2,0.394000000,0.969174901
C_V,C_V2O5,-0.276000000,0.786622782
C_V,BA,0.892400000,0.381424366
C_V,CCO,0.317600000,0.755420659
C_V,CCO2,0.100240000,0.325524223
C_V,CH2,0.807000000,0.428645965
C_V,CN2,-0.527800000,0.604692141
C_V,C_CH4,-0.188750000,0.064111025
C_V,FOCA,-0.131340000,0.197667374
C_V,POCA,0.927900000,0.362772362
C_V,OEF,-0.178750000,0.079549997
C_V,OEP,0.000000000,1.000000000
C_V,TOHA,0.000000000,1.000000000
C_V,POHA,-0.531900000,0.601888865
C_V,AWS,-0.121100000,0.234919764
C_V,FOCW,-0.151190000,0.138089847
C_V,BKE,-0.965400000,0.343701352
C_V,FOTCW,0.000000000,1.000000000
C_V,CIV,-0.954300000,0.349278500
C_V,FS,0.315000000,0.757359734
C_V,FA,0.399500000,0.695185772
C_V,NOCR,0.000000000,1.000000000
C_V,BWOO,0.000000000,1.000000000
C_V,BWOC,-0.849400000,0.404789193
C_V,TOMI,0.180310000,0.076959463
C_V,TFP,-0.139800000,0.890940229
C_V,TFT,0.320000000,0.997495820
C_V,SPOF,-0.371200000,0.715805225
C_V,PDOIF,0.601000000,0.555552461
C_V,PDOUF,-0.137620000,0.177071226
C_V,PDOCF,-0.219000000,0.982863306
C_V,OER,0.105700000,0.917431564
C_V,TCT,0.564800000,0.579609717
C_V,UROCG,0.198950000,0.051000469
C_V,BGV,-0.301800000,0.767227602
C_V,TLOF,0.156200000,0.878240897
C_V,API,-0.184080000,0.070982074
C_V,TOCW,-0.200000000,0.998434886
C_V,SWS,-0.152040000,0.135887981
C_V,FOCG,0.000000000,1.000000000
C_V,ABT,0.839200000,0.410454610
C_V,VST,0.000000000,1.000000000
C_TI,C_C,-0.618100000,0.544360443
C_TI,C_SI,-0.102590000,0.314310019
C_TI,C_MN,0.703100000,0.490444307
C_TI,C_P,0.225500000,0.824961205
C_TI,C_S1,-0.892400000,0.381424366
C_TI,C_V,-0.675100000,0.507882009
C_TI,C_TI,1.000000000,0.000000000
C_TI,C_CR,0.140930000,0.166880622
C_TI,C_NI,-0.335400000,0.742187390
C_TI,C_CAO,-0.131350000,0.197633240
C_TI,C_SIO2,-0.102650000,0.314027064
C_TI,C_MGO,0.234200000,0.818323768
C_TI,C_AL2O3,-0.376600000,0.711854183
C_TI,C_FEO,-0.987300000,0.332865579
C_TI,C_S2,-0.228650000,0.024905156
C_TI,C_TIO2,0.473600000,0.642285989
C_TI,C_V2O5,0.872000000,0.392404142
C_TI,BA,0.797400000,0.434158877
C_TI,CCO,-0.349000000,0.732127449
C_TI,CCO2,0.145760000,0.152809982
C_TI,CH2,-0.151070000,0.138402900
C_TI,CN2,0.718000000,0.481297861
C_TI,C_CH4,-0.614200000,0.546903115
C_TI,FOCA,0.277800000,0.785265171
C_TI,POCA,0.298700000,0.769550605
C_TI,OEF,0.168050000,0.099283984
C_TI,OEP,0.000000000,1.000000000
C_TI,TOHA,0.000000000,1.000000000
C_TI,POHA,0.407500000,0.689396801
C_TI,AWS,-0.348900000,0.732201253
C_TI,FOCW,0.350000000,0.997261054
C_TI,BKE,-0.464100000,0.648974481
C_TI,FOTCW,0.000000000,1.000000000
C_TI,CIV,-0.116700000,0.908874509
C_TI,FS,-0.152000000,0.881490316
C_TI,FA,-0.186200000,0.067791503
C_TI,NOCR,0.000000000,1.000000000
C_TI,BWOO,0.000000000,1.000000000
C_TI,BWOC,0.633700000,0.534248871
C_TI,TOMI,-0.971000000,0.924128345
C_TI,TFP,0.430000000,0.996635012
C_TI,TFT,-0.550900000,0.588975275
C_TI,SPOF,0.116040000,0.255058851
C_TI,PDOIF,-0.130860000,0.199310868
C_TI,PDOUF,0.134100000,0.895360751
C_TI,PDOCF,-0.570200000,0.575990235
C_TI,OER,0.104060000,0.307425873
C_TI,TCT,0.116820000,0.251878514
C_TI,UROCG,0.386000000,0.969800490
C_TI,BGV,-0.141700000,0.164574459
C_TI,TLOF,0.301300000,0.767602139
C_TI,API,0.249000000,0.980516252
C_TI,TOCW,0.134360000,0.187554002
C_TI,SWS,0.254200000,0.803115314
C_TI,FOCG,0.000000000,1.000000000
C_TI,ABT,0.872800000,0.391969985
C_TI,VST,0.000000000,1.000000000
C_CR,C_C,0.175370000,0.085406167
C_CR,C_SI,-0.425400000,0.676510063
C_CR,C_MN,0.889700000,0.382866651
C_CR,C_P,0.229890000,0.024130990
C_CR,C_S1,-0.129940000,0.202488761
C_CR,C_V,-0.119580000,0.240847457
C_CR,C_TI,0.140930000,0.166880622
C_CR,C_CR,1.000000000,0.000000000
C_CR,C_NI,-0.134960000,0.185591025
C_CR,C_CAO,-0.935800000,0.358700625
C_CR,C_SIO2,0.732700000,0.472365939
C_CR,C_MGO,0.283700000,0.780819823
C_CR,C_AL2O3,0.413700000,0.684922799
C_CR,C_FEO,-0.132910000,0.192361054
C_CR,C_S2,0.382000000,0.707910862
C_CR,C_TIO2,0.550100000,0.589516419
C_CR,C_V2O5,0.730200000,0.473878502
C_CR,BA,-0.139610000,0.170890413
C_CR,CCO,-0.760200000,0.455904425
C_CR,CCO2,0.141400000,0.889699984
C_CR,CH2,0.640400000,0.529935371
C_CR,CN2,0.121620000,0.232915779
C_CR,C_CH4,0.643300000,0.528073835
C_CR,FOCA,-0.458900000,0.652647617
C_CR,POCA,0.882800000,0.386567642
C_CR,OEF,0.134230000,0.187981327
C_CR,OEP,0.000000000,1.000000000
C_CR,TOHA,0.000000000,1.000000000
C_CR,POHA,0.870500000,0.393218971
C_CR,AWS,0.128110000,0.208919432
C_CR,FOCW,0.152500000,0.881103375
C_CR,BKE,-0.155300000,0.878937031
C_CR,FOTCW,0.000000000,1.000000000
C_CR,CIV,0.918900000,0.367446155
C_CR,FS,-0.557700000,0.584384837
C_CR,FA,0.622700000,0.541368963
C_CR,NOCR,0.000000000,1.000000000
C_CR,BWOO,0.000000000,1.000000000
C_CR,BWOC,-0.740600000,0.467603763
C_CR,TOMI,0.114200000,0.910818402
C_CR,TFP,0.216940000,0.033338964
C_CR,TFT,0.538100000,0.597660934
C_CR,SPOF,0.362600000,0.722113327
C_CR,PDOIF,-0.356300000,0.726746425
C_CR,PDOUF,0.649500000,0.524105207
C_CR,PDOCF,0.373700000,0.713975085
C_CR,OER,-0.537700000,0.597933296
C_CR,TCT,0.890500000,0.382438959
C_CR,UROCG,-0.281600000,0.782401253
C_CR,BGV,-0.482800000,0.635836236
C_CR,TLOF,-0.105630000,0.300184460
C_CR,API,-0.487500000,0.632551839
C_CR,TOCW,-0.133910000,0.189036262
C_CR,SWS,-0.613200000,0.547556028
C_CR,FOCG,0.000000000,1.000000000
C_CR,ABT,0.252000000,0.980281556
C_CR,VST,0.000000000,1.000000000
C_NI,C_C,0.131670000,0.196543237
C_NI,C_SI,0.106580000,0.295858372
C_NI,C_MN,-0.127000000,0.990061775
C_NI,C_P,0.219100000,0.031620931
C_NI,C_S1,0.745700000,0.464543633
C_NI,C_V,0.519000000,0.959402791
C_NI,C_TI,-0.335400000,0.742187390
C_NI,C_CR,-0.134960000,0.185591025
C_NI,C_NI,1.000000000,0.000000000
C_NI,C_CAO,-0.456800000,0.654133396
C_NI,C_SIO2,-0.677900000,0.506123720
C_NI,C_MGO,0.639300000,0.530642342
C_NI,C_AL2O3,-0.213630000,0.036126403
C_NI,C_FEO,0.121310000,0.234108998
C_NI,C_S2,0.770000000,0.939800286
C_NI,C_TIO2,-0.461900000,0.650527465
C_NI,C_V2O5,-0.993800000,0.329692389
C_NI,BA,0.124770000,0.221035255
C_NI,CCO,0.167710000,0.099969929
C_NI,CCO2,-0.318900000,0.754451697
C_NI,CH2,0.122500000,0.904366796
C_NI,CN2,-0.133510000,0.190361059
C_NI,C_CH4,-0.152940000,0.133586244
C_NI,FOCA,0.228610000,0.024930483
C_NI,POCA,-0.511000000,0.616239370
C_NI,OEF,0.179980000,0.077501650
C_NI,OEP,0.000000000,1.000000000
C_NI,TOHA,0.000000000,1.000000000
C_NI,POHA,-0.108130000,0.288890015
C_NI,AWS,0.714000000,0.944171015
C_NI,FOCW,0.204240000,0.045137003
C_NI,BKE,-0.724600000,0.477276281
C_NI,FOTCW,0.000000000,1.000000000
C_NI,CIV,-0.645000000,0.949558676
C_NI,FS,0.154870000,0.128752091
C_NI,FA,-0.833500000,0.413640990
C_NI,NOCR,0.000000000,1.000000000
C_NI,BWOO,0.000000000,1.000000000
C_NI,BWOC,-0.825800000,0.417968567
C_NI,TOMI,-0.269300000,0.791681782
C_NI,TFP,-0.940600000,0.356240747
C_NI,TFT,-0.986900000,0.333061494
C_NI,SPOF,0.914400000,0.369797053
C_NI,PDOIF,0.852500000,0.403076659
C_NI,PDOUF,-0.331600000,0.745006231
C_NI,PDOCF,0.621500000,0.542148557
C_NI,OER,-0.847900000,0.405619398
C_NI,TCT,-0.175750000,0.084730875
C_NI,UROCG,-0.116530000,0.253057703
C_NI,BGV,-0.957900000,0.347463433
C_NI,TLOF,-0.945400000,0.353791528
C_NI,API,0.823600000,0.419209898
C_NI,TOCW,0.129250000,0.204896293
C_NI,SWS,0.229120000,0.024609227
C_NI,FOCG,0.000000000,1.000000000
C_NI,ABT,-0.944400000,0.354300902
C_NI,VST,0.000000000,1.000000000
C_CAO,C_C,-0.708300000,0.487241684
C_CAO,C_SI,0.942000000,0.926387799
C_CAO,C_MN,-0.910000000,0.372104724
C_CAO,C_P,0.114930000,0.259632676
C_CAO,C_S1,-0.700000000,0.945263965
C_CAO,C_V,-0.798000000,0.937615592
C_CAO,C_TI,-0.131350000,0.197633240
C_CAO,C_CR,-0.935800000,0.358700625
C_CAO,C_NI,-0.456800000,0.654133396
C_CAO,C_CAO,1.000000000,0.000000000
C_CAO,C_SIO2,0.106050000,0.298266700
C_CAO,C_MGO,0.134600000,0.894972854
C_CAO,C_AL2O3,0.303900000,0.765655141
C_CAO,C_FEO,0.264500000,0.795311555
C_CAO,C_S2,0.731400000,0.473152140
C_CAO,C_TIO2,-0.285200000,0.779690784
C_CAO,C_V2O5,0.520500000,0.609697774
C_CAO,BA,0.461000000,0.963936381
C_CAO,CCO,0.753300000,0.460004181
C_CAO,CCO2,0.798200000,0.433697909
C_CAO,CH2,0.324700000,0.750133367
C_CAO,CN2,-0.151000000,0.988183812
C_CAO,C_CH4,0.924100000,0.364741184
C_CAO,FOCA,-0.410000000,0.996791523
C_CAO,POCA,0.376200000,0.712146589
C_CAO,OEF,-0.674700000,0.508133455
C_CAO,OEP,0.000000000,1.000000000
C_CAO,TOHA,0.000000000,1.000000000
C_CAO,POHA,-0.315100000,0.757285126
C_CAO,AWS,-0.194060000,0.056975168
C_CAO,FOCW,0.599000000,0.953151747
C_CAO,BKE,-0.114210000,0.262629669
C_CAO,FOTCW,0.000000000,1.000000000
C_CAO,CIV,-0.817700000,0.422549605
C_CAO,FS,-0.108040000,0.289291580
C_CAO,FA,-0.160550000,0.115311707
C_CAO,NOCR,0.000000000,1.000000000
C_CAO,BWOO,0.000000000,1.000000000
C_CAO,BWOC,0.967600000,0.342602760
C_CAO,TOMI,0.100200000,0.325717328
C_CAO,TFP,-0.154160000,0.130514408
C_CAO,TFT,-0.402100000,0.693302387
C_CAO,SPOF,0.957000000,0.925219041
C_CAO,PDOIF,-0.466400000,0.647352537
C_CAO,PDOUF,-0.176270000,0.083813797
C_CAO,PDOCF,0.439200000,0.666639059
C_CAO,OER,-0.399700000,0.695040830
C_CAO,TCT,0.766600000,0.452120194
C_CAO,UROCG,0.131400000,0.197462636
C_CAO,BGV,0.106500000,0.296221057
C_CAO,TLOF,-0.472700000,0.642918404
C_CAO,API,0.202200000,0.842797802
C_CAO,TOCW,0.670900000,0.510525441
C_CAO,SWS,-0.145910000,0.152387920
C_CAO,FOCG,0.000000000,1.000000000
C_CAO,ABT,0.190450000,0.061750236
C_CAO,VST,0.000000000,1.000000000
C_SIO2,C_C,0.165640000,0.104228026
C_SIO2,C_SI,-0.175850000,0.084553887
C_SIO2,C_MN,-0.144150000,0.157396271
C_SIO2,C_P,-0.117500000,0.249128559
C_SIO2,C_S1,-0.202040000,0.047502593
C_SIO2,C_V,-0.983800000,0.334582358
C_SIO2,C_TI,-0.102650000,0.314027064
C_SIO2,C_CR,0.732700000,0.472365939
C_SIO2,C_NI,-0.677900000,0.506123720
C_SIO2,C_CAO,0.106050000,0.298266700
C_SIO2,C_SIO2,1.000000000,0.000000000
C_SIO2,C_MGO,0.784000000,0.938707881
C_SIO2,C_AL2O3,-0.132000000,0.896990191
C_SIO2,C_FEO,-0.271780000,0.007674032
C_SIO2,C_S2,0.354000000,0.728440377
C_SIO2,C_TIO2,0.660000000,0.517419180
C_SIO2,C_V2O5,0.812400000,0.425562927
C_SIO2,BA,0.712800000,0.484479323
C_SIO2,CCO,-0.660000000,0.948387241
C_SIO2,CCO2,-0.400440000,0.000085281
C_SIO2,CH2,-0.670000000,0.994756902
C_SIO2,CN2,0.278400000,0.784812779
C_SIO2,C_CH4,0.111650000,0.273478646
C_SIO2,FOCA,0.107240000,0.292877565
C_SIO2,POCA,-0.209700000,0.837047137
C_SIO2,OEF,0.534000000,0.958230518
C_SIO2,OEP,0.000000000,1.000000000
C_SIO2,TOHA,0.000000000,1.000000000
C_SIO2,POHA,-0.409400000,0.688024573
C_SIO2,AWS,0.258550000,0.011204422
C_SIO2,FOCW,0.148140000,0.146217433
C_SIO2,BKE,-0.852900000,0.402856003
C_SIO2,FOTCW,0.000000000,1.000000000
C_SIO2,CIV,0.105570000,0.300459095
C_SIO2,FS,0.145550000,0.153402363
C_SIO2,FA,-0.333500000,0.743596381
C_SIO2,NOCR,0.000000000,1.000000000
C_SIO2,BWOO,0.000000000,1.000000000
C_SIO2,BWOC,0.789600000,0.438668125
C_SIO2,TOMI,0.903000000,0.375794368
C_SIO2,TFP,0.165650000,0.104207114
C_SIO2,TFT,0.106880000,0.294500952
C_SIO2,SPOF,0.205400000,0.043930199
C_SIO2,PDOIF,-0.814300000,0.424481240
C_SIO2,PDOUF,0.222040000,0.029404867
C_SIO2,PDOCF,-0.478600000,0.638777302
C_SIO2,OER,0.884500000,0.385653783
C_SIO2,TCT,0.120970000,0.235422661
C_SIO2,UROCG,-0.919000000,0.367394018
C_SIO2,BGV,-0.585100000,0.566058867
C_SIO2,TLOF,0.508400000,0.618035056
C_SIO2,API,0.858200000,0.399939155
C_SIO2,TOCW,0.113680000,0.264850995
C_SIO2,SWS,0.919300000,0.367237637
C_SIO2,FOCG,0.000000000,1.000000000
C_SIO2,ABT,0.130090000,0.201968123
C_SIO2,VST,0.000000000,1.000000000
C_MGO,C_C,0.972800000,0.340015023
C_MGO,C_SI,0.104860000,0.303721654
C_MGO,C_MN,-0.798000000,0.433813124
C_MGO,C_P,-0.677000000,0.506688534
C_MGO,C_S1,0.882600000,0.386675241
C_MGO,C_V,0.864600000,0.396433898
C_MGO,C_TI,0.234200000,0.818323768
C_MGO,C_CR,0.283700000,0.780819823
C_MGO,C_NI,0.639300000,0.530642342
C_MGO,C_CAO,0.134600000,0.894972854
C_MGO,C_SIO2,0.784000000,0.938707881
C_MGO,C_MGO,1.000000000,0.000000000
C_MGO,C_AL2O3,0.723900000,0.477701939
C_MGO,C_FEO,0.653000000,0.521871621
C_MGO,C_S2,-0.196000000,0.847558035
C_MGO,C_TIO2,-0.820500000,0.420962720
C_MGO,C_V2O5,-0.258200000,0.800082350
C_MGO,BA,-0.312900000,0.758927026
C_MGO,CCO,-0.272000000,0.978716957
C_MGO,CCO2,0.128100000,0.900017441
C_MGO,CH2,-0.821000000,0.420679716
C_MGO,CN2,-0.864800000,0.396324658
C_MGO,C_CH4,0.679200000,0.505308461
C_MGO,FOCA,-0.147060000,0.149181529
C_MGO,POCA,-0.261000000,0.797961064
C_MGO,OEF,-0.125390000,0.218748955
C_MGO,OEP,0.000000000,1.000000000
C_MGO,TOHA,0.000000000,1.000000000
C_MGO,POHA,-0.577300000,0.571247585
C_MGO,AWS,-0.116510000,0.253139167
C_MGO,FOCW,-0.748900000,0.462629254
C_MGO,BKE,0.944800000,0.354097097
C_MGO,FOTCW,0.000000000,1.000000000
C_MGO,CIV,-0.135360000,0.184290838
C_MGO,FS,0.911000000,0.371579471
C_MGO,FA,-0.121700000,0.232608553
C_MGO,NOCR,0.000000000,1.000000000
C_MGO,BWOO,0.000000000,1.000000000
C_MGO,BWOC,-0.136550000,0.180462661
C_MGO,TOMI,-0.628800000,0.537414703
C_MGO,TFP,-0.180880000,0.076030242
C_MGO,TFT,-0.211900000,0.037660716
C_MGO,SPOF,-0.110460000,0.278624601
C_MGO,PDOIF,0.108230000,0.288444272
C_MGO,PDOUF,-0.215090000,0.034873317
C_MGO,PDOCF,-0.985000000,0.333993106
C_MGO,OER,-0.161330000,0.113555482
C_MGO,TCT,-0.409200000,0.688168970
C_MGO,UROCG,0.116080000,0.254895080
C_MGO,BGV,-0.156800000,0.877776861
C_MGO,TLOF,-0.114070000,0.263215180
C_MGO,API,-0.114780000,0.260255089
C_MGO,TOCW,-0.397000000,0.968940311
C_MGO,SWS,-0.815100000,0.424026274
C_MGO,FOCG,0.000000000,1.000000000
C_MGO,ABT,0.134090000,0.188442325
C_MGO,VST,0.000000000,1.000000000
C_AL2O3,C_C,-0.358000000,0.725495231
C_AL2O3,C_SI,0.635600000,0.533023842
C_AL2O3,C_MN,0.808000000,0.936835457
C_AL2O3,C_P,0.183400000,0.857249031
C_AL2O3,C_S1,-0.860000000,0.993270084
C_AL2O3,C_V,0.152930000,0.133611652
C_AL2O3,C_TI,-0.376600000,0.711854183
C_AL2O3,C_CR,0.413700000,0.684922799
C_AL2O3,C_NI,-0.213630000,0.036126403
C_AL2O3,C_CAO,0.303900000,0.765655141
C_AL2O3,C_SIO2,-0.132000000,0.896990191
C_AL2O3,C_MGO,0.723900000,0.477701939
C_AL2O3,C_AL2O3,1.000000000,0.000000000
C_AL2O3,C_FEO,0.458600000,0.652859787
C_AL2O3,C_S2,-0.462500000,0.650103773
C_AL2O3,C_TIO2,-0.235260000,0.021014320
C_AL2O3,C_V2O5,-0.850100000,0.404402112
C_AL2O3,BA,0.600000000,0.995304681
C_AL2O3,CCO,0.444900000,0.662578565
C_AL2O3,CCO2,0.852000000,0.403352580
C_AL2O3,CH2,0.354600000,0.727998348
C_AL2O3,CN2,-0.671500000,0.510147368
C_AL2O3,C_CH4,0.308900000,0.761915081
C_AL2O3,FOCA,0.101570000,0.319145885
C_AL2O3,POCA,-0.119140000,0.242582859
C_AL2O3,OEF,0.828900000,0.416223098
C_AL2O3,OEP,0.000000000,1.000000000
C_AL2O3,TOHA,0.000000000,1.000000000
C_AL2O3,POHA,0.504700000,0.620594391
C_AL2O3,AWS,0.103010000,0.312332857
C_AL2O3,FOCW,0.109420000,0.283175520
C_AL2O3,BKE,-0.979300000,0.336798015
C_AL2O3,FOTCW,0.000000000,1.000000000
C_AL2O3,CIV,0.957600000,0.347614459
C_AL2O3,FS,0.204380000,0.044989887
C_AL2O3,FA,-0.167820000,0.099747594
C_AL2O3,NOCR,0.000000000,1.000000000
C_AL2O3,BWOO,0.000000000,1.000000000
C_AL2O3,BWOC,0.135700000,0.894119569
C_AL2O3,TOMI,-0.633100000,0.534636018
C_AL2O3,TFP,-0.431800000,0.671925165
C_AL2O3,TFT,-0.116630000,0.252650652
C_AL2O3,SPOF,-0.410100000,0.687519273
C_AL2O3,PDOIF,-0.913600000,0.370215967
C_AL2O3,PDOUF,0.366000000,0.971364541
C_AL2O3,PDOCF,0.121260000,0.234301857
C_AL2O3,OER,-0.547800000,0.591073482
C_AL2O3,TCT,-0.766400000,0.452238182
C_AL2O3,UROCG,0.137600000,0.892646002
C_AL2O3,BGV,0.132090000,0.195119298
C_AL2O3,TLOF,-0.273500000,0.788509428
C_AL2O3,API,-0.132250000,0.194578839
C_AL2O3,TOCW,-0.817400000,0.422719836
C_AL2O3,SWS,0.690600000,0.498188992
C_AL2O3,FOCG,0.000000000,1.000000000
C_AL2O3,ABT,-0.708000000,0.944639410
C_AL2O3,VST,0.000000000,1.000000000
C_FEO,C_C,0.239560000,0.018777501
C_FEO,C_SI,0.849572000,0.000000000
C_FEO,C_MN,0.764700000,0.453241781
C_FEO,C_P,-0.106800000,0.916575412
C_FEO,C_S1,0.909941000,0.000000000
C_FEO,C_V,0.138500000,0.891948125
C_FEO,C_TI,-0.987300000,0.332865579
C_FEO,C_CR,-0.132910000,0.192361054
C_FEO,C_NI,0.121310000,0.234108998
C_FEO,C_CAO,0.264500000,0.795311555
C_FEO,C_SIO2,-0.271780000,0.007674032
C_FEO,C_MGO,0.653000000,0.521871621
C_FEO,C_AL2O3,0.458600000,0.652859787
C_FEO,C_FEO,1.000000000,0.000000000
C_FEO,C_S2,-0.302700000,0.766553573
C_FEO,C_TIO2,0.469200000,0.645380254
C_FEO,C_V2O5,-0.111940000,0.272234498
C_FEO,BA,0.153300000,0.880484328
C_FEO,CCO,-0.371610000,0.000266380
C_FEO,CCO2,0.546040000,0.000000083
C_FEO,CH2,0.402000000,0.693374790
C_FEO,CN2,-0.217400000,0.831152167
C_FEO,C_CH4,0.161010000,0.114273419
C_FEO,FOCA,0.598310000,0.000000004
C_FEO,POCA,-0.374812000,0.000000000
C_FEO,OEF,-0.130040000,0.202141560
C_FEO,OEP,0.000000000,1.000000000
C_FEO,TOHA,0.000000000,1.000000000
C_FEO,POHA,-0.138140000,0.175440295
C_FEO,AWS,-0.735550000,0.000000000
C_FEO,FOCW,-0.505600000,0.619971426
C_FEO,BKE,0.319700000,0.753855606
C_FEO,FOTCW,0.000000000,1.000000000
C_FEO,CIV,-0.857200000,0.400488530
C_FEO,FS,0.536250000,0.000000142
C_FEO,FA,0.275200000,0.787226373
C_FEO,NOCR,0.000000000,1.000000000
C_FEO,BWOO,0.000000000,1.000000000
C_FEO,BWOC,-0.118270000,0.246040057
C_FEO,TOMI,-0.536870000,0.000000000
C_FEO,TFP,-0.353055000,0.000000000
C_FEO,TFT,-0.260370000,0.010645742
C_FEO,SPOF,0.229600000,0.821831628
C_FEO,PDOIF,-0.740500000,0.000000000
C_FEO,PDOUF,-0.708820000,0.000000000
C_FEO,PDOCF,0.799000000,0.433237224
C_FEO,OER,-0.679071000,0.000000000
C_FEO,TCT,-0.849393000,0.000000000
C_FEO,UROCG,-0.247351000,0.000000000
C_FEO,BGV,0.261780000,0.010230091
C_FEO,TLOF,-0.600196000,0.000000000
C_FEO,API,0.861990000,0.000000000
C_FEO,TOCW,0.959900000,0.346457660
C_FEO,SWS,-0.975100000,0.338874452
C_FEO,FOCG,0.000000000,1.000000000
C_FEO,ABT,0.590100000,0.562744706
C_FEO,VST,0.000000000,1.000000000
C_S2,C_C,-0.546400000,0.592022185
C_S2,C_SI,0.685900000,0.501117732
C_S2,C_MN,0.121350000,0.233954791
C_S2,C_P,0.218600000,0.830234316
C_S2,C_S1,0.111800000,0.912685043
C_S2,C_V,-0.139630000,0.170829125
C_S2,C_TI,-0.228650000,0.024905156
C_S2,C_CR,0.382000000,0.707910862
C_S2,C_NI,0.770000000,0.939800286
C_S2,C_CAO,0.731400000,0.473152140
C_S2,C_SIO2,0.354000000,0.728440377
C_S2,C_MGO,-0.196000000,0.847558035
C_S2,C_AL2O3,-0.462500000,0.650103773
C_S2,C_FEO,-0.302700000,0.766553573
C_S2,C_S2,1.000000000,0.000000000
C_S2,C_TIO2,0.458300000,0.653071985
C_S2,C_V2O5,-0.155400000,0.878859678
C_S2,BA,-0.134000000,0.895438333
C_S2,CCO,-0.100800000,0.921246485
C_S2,CCO2,0.905000000,0.374737887
C_S2,CH2,0.717000000,0.943936825
C_S2,CN2,-0.169880000,0.095656239
C_S2,C_CH4,0.237120000,0.020019754
C_S2,FOCA,-0.288820000,0.004606867
C_S2,POCA,0.274470000,0.007092218
C_S2,OEF,0.813300000,0.425050348
C_S2,OEP,0.000000000,1.000000000
C_S2,TOHA,0.000000000,1.000000000
C_S2,POHA,0.214000000,0.833753990
C_S2,AWS,0.364000000,0.721085125
C_S2,FOCW,-0.821800000,0.420227142
C_S2,BKE,0.781800000,0.443204166
C_S2,FOTCW,0.000000000,1.000000000
C_S2,CIV,-0.175750000,0.084730875
C_S2,FS,-0.128300000,0.208244964
C_S2,FA,0.896400000,0.379293785
C_S2,NOCR,0.000000000,1.000000000
C_S2,BWOO,0.000000000,1.000000000
C_S2,BWOC,-0.715100000,0.483070734
C_S2,TOMI,0.387000000,0.704266605
C_S2,TFP,-0.178000000,0.861408999
C_S2,TFT,0.693100000,0.496634869
C_S2,SPOF,0.443500000,0.663574967
C_S2,PDOIF,0.282510000,0.005581850
C_S2,PDOUF,0.619800000,0.543253940
C_S2,PDOCF,0.154300000,0.879710622
C_S2,OER,-0.466800000,0.647070630
C_S2,TCT,-0.504800000,0.620525159
C_S2,UROCG,-0.118440000,0.245361812
C_S2,BGV,-0.115770000,0.256166213
C_S2,TLOF,-0.253700000,0.803494644
C_S2,API,-0.302470000,0.003004512
C_S2,TOCW,0.433000000,0.671066848
C_S2,SWS,-0.121760000,0.232378322
C_S2,FOCG,0.000000000,1.000000000
C_S2,ABT,-0.344800000,0.735229379
C_S2,VST,0.000000000,1.000000000
C_TIO2,C_C,-0.136880000,0.179411598
C_TIO2,C_SI,-0.713200000,0.484234191
C_TIO2,C_MN,-0.171200000,0.866652937
C_TIO2,C_P,-0.470000000,0.963232813
C_TIO2,C_S1,-0.148400000,0.884277123
C_TIO2,C_V,0.394000000,0.969174901
C_TIO2,C_TI,0.473600000,0.642285989
C_TIO2,C_CR,0.550100000,0.589516419
C_TIO2,C_NI,-0.461900000,0.650527465
C_TIO2,C_CAO,-0.285200000,0.779690784
C_TIO2,C_SIO2,0.660000000,0.517419180
C_TIO2,C_MGO,-0.820500000,0.420962720
C_TIO2,C_AL2O3,-0.235260000,0.021014320
C_TIO2,C_FEO,0.469200000,0.645380254
C_TIO2,C_S2,0.458300000,0.653071985
C_TIO2,C_TIO2,1.000000000,0.000000000
C_TIO2,C_V2O5,0.859800000,0.399061099
C_TIO2,BA,-0.140800000,0.167272359
C_TIO2,CCO,0.774200000,0.447649565
C_TIO2,CCO2,-0.235200000,0.817561669
C_TIO2,CH2,0.959800000,0.346507904
C_TIO2,CN2,0.500800000,0.623297049
C_TIO2,C_CH4,0.504300000,0.620871352
C_TIO2,FOCA,-0.295900000,0.771650581
C_TIO2,POCA,0.112570000,0.269545058
C_TIO2,OEF,0.209460000,0.039918703
C_TIO2,OEP,0.000000000,1.000000000
C_TIO2,TOHA,0.000000000,1.000000000
C_TIO2,POHA,0.303000000,0.766328935
C_TIO2,AWS,-0.647700000,0.525255813
C_TIO2,FOCW,-0.590100000,0.562744706
C_TIO2,BKE,-0.113910000,0.263885438
C_TIO2,FOTCW,0.000000000,1.000000000
C_TIO2,CIV,-0.143330000,0.159771870
C_TIO2,FS,-0.223160000,0.028596502
C_TIO2,FA,-0.720800000,0.479589488
C_TIO2,NOCR,0.000000000,1.000000000
C_TIO2,BWOO,0.000000000,1.000000000
C_TIO2,BWOC,0.159300000,0.875843828
C_TIO2,TOMI,0.955900000,0.348471062
C_TIO2,TFP,0.631400000,0.535733701
C_TIO2,TFT,0.157040000,0.123480331
C_TIO2,SPOF,-0.178840000,0.079398640
C_TIO2,PDOIF,0.202090000,0.047447695
C_TIO2,PDOUF,0.289100000,0.776757462
C_TIO2,PDOCF,-0.647000000,0.949402478
C_TIO2,OER,0.773200000,0.448236366
C_TIO2,TCT,-0.632000000,0.950574008
C_TIO2,UROCG,-0.552400000,0.587961249
C_TIO2,BGV,0.824700000,0.418588962
C_TIO2,TLOF,0.116230000,0.254281593
C_TIO2,API,-0.355900000,0.727040929
C_TIO2,TOCW,-0.808000000,0.428074054
C_TIO2,SWS,0.210300000,0.836587455
C_TIO2,FOCG,0.000000000,1.000000000
C_TIO2,ABT,-0.598600000,0.557132215
C_TIO2,VST,0.000000000,1.000000000
C_V2O5,C_C,0.171260000,0.092991371
C_V2O5,C_SI,-0.103720000,0.309009184
C_V2O5,C_MN,0.827000000,0.935353369
C_V2O5,C_P,0.151500000,0.881877286
C_V2O5,C_S1,-0.134180000,0.188145873
C_V2O5,C_V,-0.276000000,0.786622782
C_V2O5,C_TI,0.872000000,0.392404142
C_V2O5,C_CR,0.730200000,0.473878502
C_V2O5,C_NI,-0.993800000,0.329692389
C_V2O5,C_CAO,0.520500000,0.609697774
C_V2O5,C_SIO2,0.812400000,0.425562927
C_V2O5,C_MGO,-0.258200000,0.800082350
C_V2O5,C_AL2O3,-0.850100000,0.404402112
C_V2O5,C_FEO,-0.111940000,0.272234498
C_V2O5,C_S2,-0.155400000,0.878859678
C_V2O5,C_TIO2,0.859800000,0.399061099
C_V2O5,C_V2O5,1.000000000,0.000000000
C_V2O5,BA,-0.113720000,0.264682897
C_V2O5,CCO,-0.100000000,0.999921744
C_V2O5,CCO2,0.210550000,0.038896201
C_V2O5,CH2,-0.272000000,0.789642012
C_V2O5,CN2,0.118440000,0.245361812
C_V2O5,C_CH4,-0.857000000,0.933013688
C_V2O5,FOCA,-0.986300000,0.333355506
C_V2O5,POCA,0.140970000,0.166760227
C_V2O5,OEF,-0.929400000,0.361997030
C_V2O5,OEP,0.000000000,1.000000000
C_V2O5,TOHA,0.000000000,1.000000000
C_V2O5,POHA,0.134600000,0.894972854
C_V2O5,AWS,-0.173970000,0.087931704
C_V2O5,FOCW,0.101060000,0.321581981
C_V2O5,BKE,-0.658300000,0.518498677
C_V2O5,FOTCW,0.000000000,1.000000000
C_V2O5,CIV,0.724700000,0.477215490
C_V2O5,FS,0.274100000,0.788056519
C_V2O5,FA,0.206700000,0.839346376
C_V2O5,NOCR,0.000000000,1.000000000
C_V2O5,BWOO,0.000000000,1.000000000
C_V2O5,BWOC,0.101250000,0.320673001
C_V2O5,TOMI,0.700600000,0.491988048
C_V2O5,TFP,-0.138900000,0.891637985
C_V2O5,TFT,-0.750700000,0.461554352
C_V2O5,SPOF,-0.202820000,0.046652227
C_V2O5,PDOIF,0.122800000,0.228413324
C_V2O5,PDOUF,-0.528600000,0.604144700
C_V2O5,PDOCF,-0.445500000,0.662151718
C_V2O5,OER,0.134490000,0.187127395
C_V2O5,TCT,0.100750000,0.323068661
C_V2O5,UROCG,0.165430000,0.104667936
C_V2O5,BGV,0.107610000,0.291215355
C_V2O5,TLOF,0.912600000,0.370740024
C_V2O5,API,-0.716900000,0.481969913
C_V2O5,TOCW,-0.176040000,0.084218432
C_V2O5,SWS,0.626200000,0.539098350
C_V2O5,FOCG,0.000000000,1.000000000
C_V2O5,ABT,0.116870000,0.251675593
C_V2O5,VST,0.000000000,1.000000000
BA,C_C,0.165800000,0.870821437
BA,C_SI,-0.333700000,0.743448025
BA,C_MN,-0.443100000,0.663859762
BA,C_P,-0.196200000,0.847404392
BA,C_S1,-0.200000000,0.844486269
BA,C_V,0.892400000,0.381424366
BA,C_TI,0.797400000,0.434158877
BA,C_CR,-0.139610000,0.170890413
BA,C_NI,0.124770000,0.221035255
BA,C_CAO,0.461000000,0.963936381
BA,C_SIO2,0.712800000,0.484479323
BA,C_MGO,-0.312900000,0.758927026
BA,C_AL2O3,0.600000000,0.995304681
BA,C_FEO,0.153300000,0.880484328
BA,C_S2,-0.134000000,0.895438333
BA,C_TIO2,-0.140800000,0.167272359
BA,C_V2O5,-0.113720000,0.264682897
BA,BA,1.000000000,0.000000000
BA,CCO,-0.740800000,0.467483547
BA,CCO2,0.337100000,0.740927446
BA,CH2,-0.115800000,0.256043009
BA,CN2,0.564000000,0.580146843
BA,C_CH4,-0.848900000,0.405065815
BA,FOCA,-0.200950000,0.048712723
BA,POCA,0.154520000,0.129618515
BA,OEF,-0.123630000,0.225283695
BA,OEP,0.000000000,1.000000000
BA,TOHA,0.000000000,1.000000000
BA,POHA,-0.325800000,0.749315251
BA,AWS,-0.770000000,0.450117063
BA,FOCW,-0.510100000,0.616860695
BA,BKE,0.590000000,0.995382936
BA,FOTCW,0.000000000,1.000000000
BA,CIV,-0.196500000,0.847173937
BA,FS,-0.773900000,0.447825559
BA,FA,0.115010000,0.259301145
BA,NOCR,0.000000000,1.000000000
BA,BWOO,0.000000000,1.000000000
BA,BWOC,0.970400000,0.341207803
BA,TOMI,-0.841000000,0.409451422
BA,TFP,-0.160100000,0.875225414
BA,TFT,0.698000000,0.493596300
BA,SPOF,-0.808000000,0.428074054
BA,PDOIF,0.150900000,0.138847329
BA,PDOUF,-0.499000000,0.960965957
BA,PDOCF,-0.313230000,0.002120009
BA,OER,-0.623300000,0.540979377
BA,TCT,-0.571200000,0.575321133
BA,UROCG,0.389300000,0.702592518
BA,BGV,0.800300000,0.432489215
BA,TLOF,0.347800000,0.733013270
BA,API,-0.429900000,0.673285043
BA,TOCW,-0.581700000,0.568317834
BA,SWS,-0.152170000,0.135553629
BA,FOCG,0.000000000,1.000000000
BA,ABT,-0.211030000,0.038453030
BA,VST,0.000000000,1.000000000
CCO,C_C,-0.553500000,0.587218143
CCO,C_SI,-0.248060000,0.014960935
CCO,C_MN,-0.867000000,0.395124221
CCO,C_P,0.125960000,0.216662063
CCO,C_S1,-0.355750000,0.000482538
CCO,C_V,0.317600000,0.755420659
CCO,C_TI,-0.349000000,0.732127449
CCO,C_CR,-0.760200000,0.455904425
CCO,C_NI,0.167710000,0.099969929
CCO,C_CAO,0.753300000,0.460004181
CCO,C_SIO2,-0.660000000,0.948387241
CCO,C_MGO,-0.272000000,0.978716957
CCO,C_AL2O3,0.444900000,0.662578565
CCO,C_FEO,-0.371610000,0.000266380
CCO,C_S2,-0.100800000,0.921246485
CCO,C_TIO2,0.774200000,0.447649565
CCO,C_V2O5,-0.100000000,0.999921744
CCO,BA,-0.740800000,0.467483547
CCO,CCO,1.000000000,0.000000000
CCO,CCO2,0.302970000,0.002956902
CCO,CH2,-0.108400000,0.915330272
CCO,CN2,0.589000000,0.563473017
CCO,C_CH4,0.160400000,0.115651878
CCO,FOCA,0.277420000,0.006499961
CCO,POCA,0.129700000,0.000000000
CCO,OEF,0.208700000,0.837813396
CCO,OEP,0.000000000,1.000000000
CCO,TOHA,0.000000000,1.000000000
CCO,POHA,-0.212990000,0.036687685
CCO,AWS,-0.378790000,0.000202026
CCO,FOCW,-0.235340000,0.020970673
CCO,BKE,-0.157610000,0.122123910
CCO,FOTCW,0.000000000,1.000000000
CCO,CIV,0.388200000,0.703392989
CCO,FS,0.301820000,0.003067451
CCO,FA,0.184700000,0.856248144
CCO,NOCR,0.000000000,1.000000000
CCO,BWOO,0.000000000,1.000000000
CCO,BWOC,0.120070000,0.238925161
CCO,TOMI,0.206970000,0.042340325
CCO,TFP,0.996000000,0.922181031
CCO,TFT,-0.169473000,0.000000000
CCO,SPOF,-0.353112000,0.000000000
CCO,PDOIF,0.297881000,0.000000000
CCO,PDOUF,-0.326760000,0.001347405
CCO,PDOCF,0.149930000,0.141404237
CCO,OER,0.908900000,0.372683034
CCO,TCT,0.257730000,0.011464534
CCO,UROCG,-0.469812000,0.000000000
CCO,BGV,-0.909400000,0.372420097
CCO,TLOF,0.474500000,0.641653833
CCO,API,-0.131164000,0.000000000
CCO,TOCW,-0.250100000,0.806227181
CCO,SWS,0.690847000,0.000000000
CCO,FOCG,0.000000000,1.000000000
CCO,ABT,0.124990000,0.220222035
CCO,VST,0.000000000,1.000000000
CCO2,C_C,0.182150000,0.073992764
CCO2,C_SI,0.359810000,0.000415363
CCO2,C_MN,-0.105920000,0.298859416
CCO2,C_P,-0.168030000,0.099324229
CCO2,C_S1,0.480850000,0.000002372
CCO2,C_V,0.100240000,0.325524223
CCO2,C_TI,0.145760000,0.152809982
CCO2,C_CR,0.141400000,0.889699984
CCO2,C_NI,-0.318900000,0.754451697
CCO2,C_CAO,0.798200000,0.433697909
CCO2,C_SIO2,-0.400440000,0.000085281
CCO2,C_MGO,0.128100000,0.900017441
CCO2,C_AL2O3,0.852000000,0.403352580
CCO2,C_FEO,0.546040000,0.000000083
CCO2,C_S2,0.905000000,0.374737887
CCO2,C_TIO2,-0.235200000,0.817561669
CCO2,C_V2O5,0.210550000,0.038896201
CCO2,BA,0.337100000,0.740927446
CCO2,CCO,0.302970000,0.002956902
CCO2,CCO2,1.000000000,0.000000000
CCO2,CH2,-0.172190000,0.091229326
CCO2,CN2,-0.126650000,0.214155040
CCO2,C_CH4,0.959400000,0.346708929
CCO2,FOCA,-0.363250000,0.000365389
CCO2,POCA,0.110900000,0.276714272
CCO2,OEF,-0.232890000,0.022343759
CCO2,OEP,0.000000000,1.000000000
CCO2,TOHA,0.000000000,1.000000000
CCO2,POHA,-0.260600000,0.798264014
CCO2,AWS,-0.602490000,0.000000000
CCO2,FOCW,0.602900000,0.554303375
CCO2,BKE,-0.100430000,0.324607991
CCO2,FOTCW,0.000000000,1.000000000
CCO2,CIV,-0.737100000,0.469710299
CCO2,FS,-0.209590000,0.039795568
CCO2,FA,-0.312300000,0.759375006
CCO2,NOCR,0.000000000,1.000000000
CCO2,BWOO,0.000000000,1.000000000
CCO2,BWOC,0.218900000,0.031776753
CCO2,TOMI,-0.223320000,0.028482598
CCO2,TFP,-0.232692000,0.000000000
CCO2,TFT,-0.231927000,0.000000000
CCO2,SPOF,-0.412817000,0.000000000
CCO2,PDOIF,0.423790000,0.000032054
CCO2,PDOUF,-0.415056000,0.000000000
CCO2,PDOCF,0.161940000,0.112196758
CCO2,OER,-0.191600000,0.060194386
CCO2,TCT,-0.408690000,0.000060701
CCO2,UROCG,0.422916000,0.000000000
CCO2,BGV,-0.568900000,0.576860616
CCO2,TLOF,-0.148500000,0.145239479
CCO2,API,-0.463390000,0.000005433
CCO2,TOCW,-0.285338000,0.000000000
CCO2,SWS,0.263400000,0.796144005
CCO2,FOCG,0.000000000,1.000000000
CCO2,ABT,0.322200000,0.751993765
CCO2,VST,0.000000000,1.000000000
CH2,C_C,-0.877000000,0.389695446
CH2,C_SI,0.619600000,0.543384058
CH2,C_MN,0.537500000,0.598069498
CH2,C_P,-0.177740000,0.081264687
CH2,C_S1,0.612300000,0.548143979
CH2,C_V,0.807000000,0.428645965
CH2,C_TI,-0.151070000,0.138402900
CH2,C_CR,0.640400000,0.529935371
CH2,C_NI,0.122500000,0.904366796
CH2,C_CAO,0.324700000,0.750133367
CH2,C_SIO2,-0.670000000,0.994756902
CH2,C_MGO,-0.821000000,0.420679716
CH2,C_AL2O3,0.354600000,0.727998348
CH2,C_FEO,0.402000000,0.693374790
CH2,C_S2,0.717000000,0.943936825
CH2,C_TIO2,0.959800000,0.346507904
CH2,C_V2O5,-0.272000000,0.789642012
CH2,BA,-0.115800000,0.256043009
CH2,CCO,-0.108400000,0.915330272
CH2,CCO2,-0.172190000,0.091229326
CH2,CH2,1.000000000,0.000000000
CH2,CN2,-0.645600000,0.526599818
CH2,C_CH4,-0.505500000,0.620040631
CH2,FOCA,0.261910000,0.010192505
CH2,POCA,-0.144500000,0.156390483
CH2,OEF,0.183600000,0.857095034
CH2,OEP,0.000000000,1.000000000
CH2,TOHA,0.000000000,1.000000000
CH2,POHA,0.115300000,0.258101800
CH2,AWS,0.125340000,0.218932702
CH2,FOCW,0.195650000,0.054971643
CH2,BKE,-0.120000000,0.906309406
CH2,FOTCW,0.000000000,1.000000000
CH2,CIV,0.128240000,0.208457783
CH2,FS,0.990600000,0.331252119
CH2,FA,-0.112830000,0.268440462
CH2,NOCR,0.000000000,1.000000000
CH2,BWOO,0.000000000,1.000000000
CH2,BWOC,-0.528100000,0.604486824
CH2,TOMI,0.424700000,0.677012268
CH2,TFP,-0.730000000,0.994287378
CH2,TFT,0.157600000,0.877158210
CH2,SPOF,-0.222000000,0.827635001
CH2,PDOIF,-0.152820000,0.133891388
CH2,PDOUF,0.115290000,0.258143093
CH2,PDOCF,0.131810000,0.196067747
CH2,OER,-0.147000000,0.885361270
CH2,TCT,-0.842800000,0.408449693
CH2,UROCG,-0.134620000,0.186701505
CH2,BGV,0.288640000,0.004632392
CH2,TLOF,-0.860500000,0.398677314
CH2,API,0.204880000,0.044467770
CH2,TOCW,0.904000000,0.929349358
CH2,SWS,0.478300000,0.638987596
CH2,FOCG,0.000000000,1.000000000
CH2,ABT,0.250230000,0.014103501
CH2,VST,0.000000000,1.000000000
CN2,C_C,0.102060000,0.316816728
CN2,C_SI,-0.303100000,0.766254060
CN2,C_MN,0.441800000,0.664785683
CN2,C_P,0.363000000,0.971599158
CN2,C_S1,-0.866500000,0.395396855
CN2,C_V,-0.527800000,0.604692141
CN2,C_TI,0.718000000,0.481297861
CN2,C_CR,0.121620000,0.232915779
CN2,C_NI,-0.133510000,0.190361059
CN2,C_CAO,-0.151000000,0.988183812
CN2,C_SIO2,0.278400000,0.784812779
CN2,C_MGO,-0.864800000,0.396324658
CN2,C_AL2O3,-0.671500000,0.510147368
CN2,C_FEO,-0.217400000,0.831152167
CN2,C_S2,-0.169880000,0.095656239
CN2,C_TIO2,0.500800000,0.623297049
CN2,C_V2O5,0.118440000,0.245361812
CN2,BA,0.564000000,0.580146843
CN2,CCO,0.589000000,0.563473017
CN2,CCO2,-0.126650000,0.214155040
CN2,CH2,-0.645600000,0.526599818
CN2,CN2,1.000000000,0.000000000
CN2,C_CH4,0.141040000,0.166549692
CN2,FOCA,-0.801000000,0.937381545
CN2,POCA,0.828300000,0.416560595
CN2,OEF,-0.913400000,0.370320742
CN2,OEP,0.000000000,1.000000000
CN2,TOHA,0.000000000,1.000000000
CN2,POHA,-0.130700000,0.897999110
CN2,AWS,0.396900000,0.697071040
CN2,FOCW,0.121490000,0.233415635
CN2,BKE,0.139500000,0.891172805
CN2,FOTCW,0.000000000,1.000000000
CN2,CIV,-0.213960000,0.035839864
CN2,FS,-0.851500000,0.403628614
CN2,FA,-0.796000000,0.937771626
CN2,NOCR,0.000000000,1.000000000
CN2,BWOO,0.000000000,1.000000000
CN2,BWOC,-0.198100000,0.845945066
CN2,TOMI,0.860000000,0.993270084
CN2,TFP,0.316400000,0.756315426
CN2,TFT,0.212200000,0.835132165
CN2,SPOF,0.811100000,0.426303955
CN2,PDOIF,0.142700000,0.888692483
CN2,PDOUF,0.621300000,0.542278544
CN2,PDOCF,0.173080000,0.089568298
CN2,OER,-0.139000000,0.891560452
CN2,TCT,-0.246500000,0.808962086
CN2,UROCG,-0.706800000,0.488164357
CN2,BGV,0.119340000,0.241792953
CN2,TLOF,0.725000000,0.943312342
CN2,API,-0.580600000,0.569049598
CN2,TOCW,-0.501000000,0.960809634
CN2,SWS,0.801300000,0.431914332
CN2,FOCG,0.000000000,1.000000000
CN2,ABT,-0.350500000,0.731020673
CN2,VST,0.000000000,1.000000000
C_CH4,C_C,-0.516900000,0.612173065
C_CH4,C_SI,0.980300000,0.336304833
C_CH4,C_MN,0.895400000,0.379825743
C_CH4,C_P,0.412400000,0.685859987
C_CH4,C_S1,0.191150000,0.060799282
C_CH4,C_V,-0.188750000,0.064111025
C_CH4,C_TI,-0.614200000,0.546903115
C_CH4,C_CR,0.643300000,0.528073835
C_CH4,C_NI,-0.152940000,0.133586244
C_CH4,C_CAO,0.924100000,0.364741184
C_CH4,C_SIO2,0.111650000,0.273478646
C_CH4,C_MGO,0.679200000,0.505308461
C_CH4,C_AL2O3,0.308900000,0.761915081
C_CH4,C_FEO,0.161010000,0.114273419
C_CH4,C_S2,0.237120000,0.020019754
C_CH4,C_TIO2,0.504300000,0.620871352
C_CH4,C_V2O5,-0.857000000,0.933013688
C_CH4,BA,-0.848900000,0.405065815
C_CH4,CCO,0.160400000,0.115651878
C_CH4,CCO2,0.959400000,0.346708929
C_CH4,CH2,-0.505500000,0.620040631
C_CH4,CN2,0.141040000,0.166549692
C_CH4,C_CH4,1.000000000,0.000000000
C_CH4,FOCA,0.536900000,0.598478190
C_CH4,POCA,0.900000000,0.992957073
C_CH4,OEF,-0.547700000,0.591141224
C_CH4,OEP,0.000000000,1.000000000
C_CH4,TOHA,0.000000000,1.000000000
C_CH4,POHA,-0.106680000,0.295405434
C_CH4,AWS,-0.805100000,0.429733820
C_CH4,FOCW,-0.116100000,0.909340994
C_CH4,BKE,-0.186940000,0.066705969
C_CH4,FOTCW,0.000000000,1.000000000
C_CH4,CIV,0.160250000,0.115992837
C_CH4,FS,0.159200000,0.875921135
C_CH4,FA,-0.109260000,0.283880105
C_CH4,NOCR,0.000000000,1.000000000
C_CH4,BWOO,0.000000000,1.000000000
C_CH4,BWOC,-0.160420000,0.115606476
C_CH4,TOMI,-0.130610000,0.200170799
C_CH4,TFP,-0.163380000,0.109040124
C_CH4,TFT,-0.520000000,0.610041299
C_CH4,SPOF,0.195600000,0.847865340
C_CH4,PDOIF,0.242300000,0.812155758
C_CH4,PDOUF,-0.152220000,0.135425201
C_CH4,PDOCF,0.123400000,0.903667595
C_CH4,OER,-0.896900000,0.379027978
C_CH4,TCT,-0.139320000,0.171780940
C_CH4,UROCG,-0.258600000,0.799779218
C_CH4,BGV,0.743500000,0.465862320
C_CH4,TLOF,-0.818900000,0.421869083
C_CH4,API,0.117400000,0.908330316
C_CH4,TOCW,0.264300000,0.795462892
C_CH4,SWS,0.925000000,0.364274282
C_CH4,FOCG,0.000000000,1.000000000
C_CH4,ABT,0.345400000,0.734785980
C_CH4,VST,0.000000000,1.000000000
FOCA,C_C,0.104340000,0.306126009
FOCA,C_SI,0.447930000,0.000011054
FOCA,C_MN,-0.882600000,0.386675241
FOCA,C_P,0.949500000,0.351707934
FOCA,C_S1,0.603410000,0.000000003
FOCA,C_V,-0.131340000,0.197667374
FOCA,C_TI,0.277800000,0.785265171
FOCA,C_CR,-0.458900000,0.652647617
FOCA,C_NI,0.228610000,0.024930483
FOCA,C_CAO,-0.410000000,0.996791523
FOCA,C_SIO2,0.107240000,0.292877565
FOCA,C_MGO,-0.147060000,0.149181529
FOCA,C_AL2O3,0.101570000,0.319145885
FOCA,C_FEO,0.598310000,0.000000004
FOCA,C_S2,-0.288820000,0.004606867
FOCA,C_TIO2,-0.295900000,0.771650581
FOCA,C_V2O5,-0.986300000,0.333355506
FOCA,BA,-0.200950000,0.048712723
FOCA,CCO,0.277420000,0.006499961
FOCA,CCO2,-0.363250000,0.000365389
FOCA,CH2,0.261910000,0.010192505
FOCA,CN2,-0.801000000,0.937381545
FOCA,C_CH4,0.536900000,0.598478190
FOCA,FOCA,1.000000000,0.000000000
FOCA,POCA,-0.657359000,0.000000000
FOCA,OEF,0.198090000,0.052011503
FOCA,OEP,0.000000000,1.000000000
FOCA,TOHA,0.000000000,1.000000000
FOCA,POHA,-0.249000000,0.980516252
FOCA,AWS,0.399990000,0.000086862
FOCA,FOCW,0.856000000,0.401148378
FOCA,BKE,-0.106340000,0.296947319
FOCA,FOTCW,0.000000000,1.000000000
FOCA,CIV,0.364000000,0.971520952
FOCA,FS,-0.228700000,0.024873528
FOCA,FA,-0.217600000,0.830999175
FOCA,NOCR,0.000000000,1.000000000
FOCA,BWOO,0.000000000,1.000000000
FOCA,BWOC,-0.635600000,0.533023842
FOCA,TOMI,-0.116500000,0.253179907
FOCA,TFP,0.320945000,0.000000000
FOCA,TFT,0.244654000,0.000000000
FOCA,SPOF,0.421000000,0.967063683
FOCA,PDOIF,-0.695047000,0.000000000
FOCA,PDOUF,0.343900000,0.000741015
FOCA,PDOCF,0.262200000,0.797052397
FOCA,OER,-0.205260000,0.044074387
FOCA,TCT,-0.406700000,0.000065927
FOCA,UROCG,-0.730340000,0.000000000
FOCA,BGV,0.838600000,0.000000000
FOCA,TLOF,0.779600000,0.444488391
FOCA,API,0.678085000,0.000000000
FOCA,TOCW,-0.126320000,0.215351429
FOCA,SWS,0.437558000,0.000000000
FOCA,FOCG,0.000000000,1.000000000
FOCA,ABT,0.236830000,0.020172065
FOCA,VST,0.000000000,1.000000000
POCA,C_C,-0.147500000,0.147968446
POCA,C_SI,-0.394113000,0.000000000
POCA,C_MN,-0.471300000,0.643902676
POCA,C_P,-0.701800000,0.491246727
POCA,C_S1,-0.374263000,0.000000000
POCA,C_V,0.927900000,0.362772362
POCA,C_TI,0.298700000,0.769550605
POCA,C_CR,0.882800000,0.386567642
POCA,C_NI,-0.511000000,0.616239370
POCA,C_CAO,0.376200000,0.712146589
POCA,C_SIO2,-0.209700000,0.837047137
POCA,C_MGO,-0.261000000,0.797961064
POCA,C_AL2O3,-0.119140000,0.242582859
POCA,C_FEO,-0.374812000,0.000000000
POCA,C_S2,0.274470000,0.007092218
POCA,C_TIO2,0.112570000,0.269545058
POCA,C_V2O5,0.140970000,0.166760227
POCA,BA,0.154520000,0.129618515
POCA,CCO,0.129700000,0.000000000
POCA,CCO2,0.110900000,0.276714272
POCA,CH2,-0.144500000,0.156390483
POCA,CN2,0.828300000,0.416560595
POCA,C_CH4,0.900000000,0.992957073
POCA,FOCA,-0.657359000,0.000000000
POCA,POCA,1.000000000,0.000000000
POCA,OEF,0.157200000,0.877467526
POCA,OEP,0.000000000,1.000000000
POCA,TOHA,0.000000000,1.000000000
POCA,POHA,-0.257300000,0.800764506
POCA,AWS,-0.116770000,0.252081548
POCA,FOCW,-0.935600000,0.358803351
POCA,BKE,0.327800000,0.747828490
POCA,FOTCW,0.000000000,1.000000000
POCA,CIV,-0.239700000,0.814134363
POCA,FS,0.328900000,0.747011171
POCA,FA,-0.144600000,0.887220306
POCA,NOCR,0.000000000,1.000000000
POCA,BWOO,0.000000000,1.000000000
POCA,BWOC,0.213240000,0.036467556
POCA,TOMI,0.262956000,0.000000000
POCA,TFP,-0.777330000,0.000000000
POCA,TFT,-0.121650000,0.000000000
POCA,SPOF,0.140540000,0.168057904
POCA,PDOIF,0.741760000,0.000000000
POCA,PDOUF,0.796420000,0.000000000
POCA,PDOCF,0.165400000,0.871130359
POCA,OER,0.357525000,0.000000000
POCA,TCT,0.370591000,0.000000000
POCA,UROCG,0.536820000,0.000000137
POCA,BGV,-0.579300000,0.569914989
POCA,TLOF,0.333108000,0.000000000
POCA,API,-0.651704000,0.000000000
POCA,TOCW,-0.403100000,0.692578512
POCA,SWS,-0.275871000,0.000000000
POCA,FOCG,0.000000000,1.000000000
POCA,ABT,-0.195950000,0.054600284
POCA,VST,0.000000000,1.000000000
OEF,C_C,-0.587000000,0.564798383
OEF,C_SI,-0.172930000,0.089846528
OEF,C_MN,0.754500000,0.459289702
OEF,C_P,-0.934200000,0.359522952
OEF,C_S1,-0.129840000,0.202836396
OEF,C_V,-0.178750000,0.079549997
OEF,C_TI,0.168050000,0.099283984
OEF,C_CR,0.134230000,0.187981327
OEF,C_NI,0.179980000,0.077501650
OEF,C_CAO,-0.674700000,0.508133455
OEF,C_SIO2,0.534000000,0.958230518
OEF,C_MGO,-0.125390000,0.218748955
OEF,C_AL2O3,0.828900000,0.416223098
OEF,C_FEO,-0.130040000,0.202141560
OEF,C_S2,0.813300000,0.425050348
OEF,C_TIO2,0.209460000,0.039918703
OEF,C_V2O5,-0.929400000,0.361997030
OEF,BA,-0.123630000,0.225283695
OEF,CCO,0.208700000,0.837813396
OEF,CCO2,-0.232890000,0.022343759
OEF,CH2,0.183600000,0.857095034
OEF,CN2,-0.913400000,0.370320742
OEF,C_CH4,-0.547700000,0.591141224
OEF,FOCA,0.198090000,0.052011503
OEF,POCA,0.157200000,0.877467526
OEF,OEF,1.000000000,0.000000000
OEF,OEP,0.000000000,1.000000000
OEF,TOHA,0.000000000,1.000000000
OEF,POHA,0.252000000,0.980281556
OEF,AWS,0.793700000,0.436294532
OEF,FOCW,-0.526900000,0.605308277
OEF,BKE,0.139590000,0.170951718
OEF,FOTCW,0.000000000,1.000000000
OEF,CIV,0.137060000,0.178840213
OEF,FS,0.134480000,0.187160186
OEF,FA,-0.783300000,0.442329774
OEF,NOCR,0.000000000,1.000000000
OEF,BWOO,0.000000000,1.000000000
OEF,BWOC,-0.603300000,0.554040585
OEF,TOMI,0.224480000,0.027668420
OEF,TFP,0.414400000,0.684418359
OEF,TFT,0.478500000,0.638847397
OEF,SPOF,0.745100000,0.464903069
OEF,PDOIF,-0.574900000,0.572848654
OEF,PDOUF,0.923300000,0.365156521
OEF,PDOCF,-0.432400000,0.671495953
OEF,OER,0.733100000,0.472124176
OEF,TCT,0.185900000,0.068235703
OEF,UROCG,-0.125000000,0.990218275
OEF,BGV,-0.544400000,0.593378685
OEF,TLOF,0.926500000,0.363496942
OEF,API,0.302100000,0.767002906
OEF,TOCW,-0.423800000,0.677658171
OEF,SWS,0.783300000,0.442329774
OEF,FOCG,0.000000000,1.000000000
OEF,ABT,-0.107000000,0.991626787
OEF,VST,0.000000000,1.000000000
OEP,C_C,0.000000000,1.000000000
OEP,C_SI,0.000000000,1.000000000
OEP,C_MN,0.000000000,1.000000000
OEP,C_P,0.000000000,1.000000000
OEP,C_S1,0.000000000,1.000000000
OEP,C_V,0.000000000,1.000000000
OEP,C_TI,0.000000000,1.000000000
OEP,C_CR,0.000000000,1.000000000
OEP,C_NI,0.000000000,1.000000000
OEP,C_CAO,0.000000000,1.000000000
OEP,C_SIO2,0.000000000,1.000000000
OEP,C_MGO,0.000000000,1.000000000
OEP,C_AL2O3,0.000000000,1.000000000
OEP,C_FEO,0.000000000,1.000000000
OEP,C_S2,0.000000000,1.000000000
OEP,C_TIO2,0.000000000,1.000000000
OEP,C_V2O5,0.000000000,1.000000000
OEP,BA,0.000000000,1.000000000
OEP,CCO,0.000000000,1.000000000
OEP,CCO2,0.000000000,1.000000000
OEP,CH2,0.000000000,1.000000000
OEP,CN2,0.000000000,1.000000000
OEP,C_CH4,0.000000000,1.000000000
OEP,FOCA,0.000000000,1.000000000
OEP,POCA,0.000000000,1.000000000
OEP,OEF,0.000000000,1.000000000
OEP,OEP,1.000000000,0.000000000
OEP,TOHA,0.000000000,1.000000000
OEP,POHA,0.000000000,1.000000000
OEP,AWS,0.000000000,1.000000000
OEP,FOCW,0.000000000,1.000000000
OEP,BKE,0.000000000,1.000000000
OEP,FOTCW,0.000000000,1.000000000
OEP,CIV,0.000000000,1.000000000
OEP,FS,0.000000000,1.000000000
OEP,FA,0.000000000,1.000000000
OEP,NOCR,0.000000000,1.000000000
OEP,BWOO,0.000000000,1.000000000
OEP,BWOC,0.000000000,1.000000000
OEP,TOMI,0.000000000,1.000000000
OEP,TFP,0.000000000,1.000000000
OEP,TFT,0.000000000,1.000000000
OEP,SPOF,0.000000000,1.000000000
OEP,PDOIF,0.000000000,1.000000000
OEP,PDOUF,0.000000000,1.000000000
OEP,PDOCF,0.000000000,1.000000000
OEP,OER,0.000000000,1.000000000
OEP,TCT,0.000000000,1.000000000
OEP,UROCG,0.000000000,1.000000000
OEP,BGV,0.000000000,1.000000000
OEP,TLOF,0.000000000,1.000000000
OEP,API,0.000000000,1.000000000
OEP,TOCW,0.000000000,1.000000000
OEP,SWS,0.000000000,1.000000000
OEP,FOCG,0.000000000,1.000000000
OEP,ABT,0.000000000,1.000000000
OEP,VST,0.000000000,1.000000000
TOHA,C_C,0.000000000,1.000000000
TOHA,C_SI,0.000000000,1.000000000
TOHA,C_MN,0.000000000,1.000000000
TOHA,C_P,0.000000000,1.000000000
TOHA,C_S1,0.000000000,1.000000000
TOHA,C_V,0.000000000,1.000000000
TOHA,C_TI,0.000000000,1.000000000
TOHA,C_CR,0.000000000,1.000000000
TOHA,C_NI,0.000000000,1.000000000
TOHA,C_CAO,0.000000000,1.000000000
TOHA,C_SIO2,0.000000000,1.000000000
TOHA,C_MGO,0.000000000,1.000000000
TOHA,C_AL2O3,0.000000000,1.000000000
TOHA,C_FEO,0.000000000,1.000000000
TOHA,C_S2,0.000000000,1.000000000
TOHA,C_TIO2,0.000000000,1.000000000
TOHA,C_V2O5,0.000000000,1.000000000
TOHA,BA,0.000000000,1.000000000
TOHA,CCO,0.000000000,1.000000000
TOHA,CCO2,0.000000000,1.000000000
TOHA,CH2,0.000000000,1.000000000
TOHA,CN2,0.000000000,1.000000000
TOHA,C_CH4,0.000000000,1.000000000
TOHA,FOCA,0.000000000,1.000000000
TOHA,POCA,0.000000000,1.000000000
TOHA,OEF,0.000000000,1.000000000
TOHA,OEP,0.000000000,1.000000000
TOHA,TOHA,1.000000000,0.000000000
TOHA,POHA,0.000000000,1.000000000
TOHA,AWS,0.000000000,1.000000000
TOHA,FOCW,0.000000000,1.000000000
TOHA,BKE,0.000000000,1.000000000
TOHA,FOTCW,0.000000000,1.000000000
TOHA,CIV,0.000000000,1.000000000
TOHA,FS,0.000000000,1.000000000
TOHA,FA,0.000000000,1.000000000
TOHA,NOCR,0.000000000,1.000000000
TOHA,BWOO,0.000000000,1.000000000
TOHA,BWOC,0.000000000,1.000000000
TOHA,TOMI,0.000000000,1.000000000
TOHA,TFP,0.000000000,1.000000000
TOHA,TFT,0.000000000,1.000000000
TOHA,SPOF,0.000000000,1.000000000
TOHA,PDOIF,0.000000000,1.000000000
TOHA,PDOUF,0.000000000,1.000000000
TOHA,PDOCF,0.000000000,1.000000000
TOHA,OER,0.000000000,1.000000000
TOHA,TCT,0.000000000,1.000000000
TOHA,UROCG,0.000000000,1.000000000
TOHA,BGV,0.000000000,1.000000000
TOHA,TLOF,0.000000000,1.000000000
TOHA,API,0.000000000,1.000000000
TOHA,TOCW,0.000000000,1.000000000
TOHA,SWS,0.000000000,1.000000000
TOHA,FOCG,0.000000000,1.000000000
TOHA,ABT,0.000000000,1.000000000
TOHA,VST,0.000000000,1.000000000
POHA,C_C,0.236510000,0.020341305
POHA,C_SI,-0.837400000,0.411459257
POHA,C_MN,-0.172080000,0.091436330
POHA,C_P,0.938500000,0.357315632
POHA,C_S1,-0.127700000,0.210380252
POHA,C_V,-0.531900000,0.601888865
POHA,C_TI,0.407500000,0.689396801
POHA,C_CR,0.870500000,0.393218971
POHA,C_NI,-0.108130000,0.288890015
POHA,C_CAO,-0.315100000,0.757285126
POHA,C_SIO2,-0.409400000,0.688024573
POHA,C_MGO,-0.577300000,0.571247585
POHA,C_AL2O3,0.504700000,0.620594391
POHA,C_FEO,-0.138140000,0.175440295
POHA,C_S2,0.214000000,0.833753990
POHA,C_TIO2,0.303000000,0.766328935
POHA,C_V2O5,0.134600000,0.894972854
POHA,BA,-0.325800000,0.749315251
POHA,CCO,-0.212990000,0.036687685
POHA,CCO2,-0.260600000,0.798264014
POHA,CH2,0.115300000,0.258101800
POHA,CN2,-0.130700000,0.897999110
POHA,C_CH4,-0.106680000,0.295405434
POHA,FOCA,-0.249000000,0.980516252
POHA,POCA,-0.257300000,0.800764506
POHA,OEF,0.252000000,0.980281556
POHA,OEP,0.000000000,1.000000000
POHA,TOHA,0.000000000,1.000000000
POHA,POHA,1.000000000,0.000000000
POHA,AWS,-0.832800000,0.414033307
POHA,FOCW,0.153160000,0.133028210
POHA,BKE,0.183100000,0.857480038
POHA,FOTCW,0.000000000,1.000000000
POHA,CIV,0.672000000,0.947450173
POHA,FS,-0.610700000,0.549189995
POHA,FA,0.880800000,0.387644460
POHA,NOCR,0.000000000,1.000000000
POHA,BWOO,0.000000000,1.000000000
POHA,BWOC,0.597000000,0.558186598
POHA,TOMI,0.660500000,0.517101902
POHA,TFP,-0.940000000,0.926543645
POHA,TFT,0.102470000,0.314876430
POHA,SPOF,0.430000000,0.673213444
POHA,PDOIF,-0.356400000,0.726672805
POHA,PDOUF,-0.130890000,0.199207858
POHA,PDOCF,-0.553800000,0.587015553
POHA,OER,0.830600000,0.415267735
POHA,TCT,0.118890000,0.243572791
POHA,UROCG,0.124480000,0.222110513
POHA,BGV,-0.108580000,0.286887825
POHA,TLOF,0.971100000,0.340859632
POHA,API,0.380500000,0.709005449
POHA,TOCW,0.958200000,0.347312449
POHA,SWS,-0.562200000,0.581356228
POHA,FOCG,0.000000000,1.000000000
POHA,ABT,-0.839000000,0.410566165
POHA,VST,0.000000000,1.000000000
AWS,C_C,-0.127800000,0.210023274
AWS,C_SI,-0.494690000,0.000001205
AWS,C_MN,0.174490000,0.086986706
AWS,C_P,0.109740000,0.281769905
AWS,C_S1,-0.733070000,0.000000000
AWS,C_V,-0.121100000,0.234919764
AWS,C_TI,-0.348900000,0.732201253
AWS,C_CR,0.128110000,0.208919432
AWS,C_NI,0.714000000,0.944171015
AWS,C_CAO,-0.194060000,0.056975168
AWS,C_SIO2,0.258550000,0.011204422
AWS,C_MGO,-0.116510000,0.253139167
AWS,C_AL2O3,0.103010000,0.312332857
AWS,C_FEO,-0.735550000,0.000000000
AWS,C_S2,0.364000000,0.721085125
AWS,C_TIO2,-0.647700000,0.525255813
AWS,C_V2O5,-0.173970000,0.087931704
AWS,BA,-0.770000000,0.450117063
AWS,CCO,-0.378790000,0.000202026
AWS,CCO2,-0.602490000,0.000000000
AWS,CH2,0.125340000,0.218932702
AWS,CN2,0.396900000,0.697071040
AWS,C_CH4,-0.805100000,0.429733820
AWS,FOCA,0.399990000,0.000086862
AWS,POCA,-0.116770000,0.252081548
AWS,OEF,0.793700000,0.436294532
AWS,OEP,0.000000000,1.000000000
AWS,TOHA,0.000000000,1.000000000
AWS,POHA,-0.832800000,0.414033307
AWS,AWS,1.000000000,0.000000000
AWS,FOCW,0.591400000,0.561884560
AWS,BKE,0.153140000,0.133078866
AWS,FOTCW,0.000000000,1.000000000
AWS,CIV,-0.838000000,0.934495420
AWS,FS,0.239400000,0.018856844
AWS,FA,0.431000000,0.672497615
AWS,NOCR,0.000000000,1.000000000
AWS,BWOO,0.000000000,1.000000000
AWS,BWOC,0.398400000,0.695983156
AWS,TOMI,0.180220000,0.077107025
AWS,TFP,0.318051000,0.000000000
AWS,TFT,0.327719000,0.000000000
AWS,SPOF,0.564973000,0.000000000
AWS,PDOIF,-0.472260000,0.000003579
AWS,PDOUF,0.588029000,0.000000000
AWS,PDOCF,0.629300000,0.537091227
AWS,OER,0.206380000,0.042931992
AWS,TCT,0.539620000,0.000000118
AWS,UROCG,-0.589719000,0.000000000
AWS,BGV,0.141660000,0.164693666
AWS,TLOF,0.113320000,0.266367182
AWS,API,0.532060000,0.000000177
AWS,TOCW,0.389224000,0.000000000
AWS,SWS,-0.890000000,0.993035326
AWS,FOCG,0.000000000,1.000000000
AWS,ABT,0.155600000,0.878704976
AWS,VST,0.000000000,1.000000000
FOCW,C_C,0.592100000,0.561421668
FOCW,C_SI,0.727000000,0.943156227
FOCW,C_MN,-0.123740000,0.224871234
FOCW,C_P,-0.350400000,0.000586579
FOCW,C_S1,0.241000000,0.813144911
FOCW,C_V,-0.151190000,0.138089847
FOCW,C_TI,0.350000000,0.997261054
FOCW,C_CR,0.152500000,0.881103375
FOCW,C_NI,0.204240000,0.045137003
FOCW,C_CAO,0.599000000,0.953151747
FOCW,C_SIO2,0.148140000,0.146217433
FOCW,C_MGO,-0.748900000,0.462629254
FOCW,C_AL2O3,0.109420000,0.283175520
FOCW,C_FEO,-0.505600000,0.619971426
FOCW,C_S2,-0.821800000,0.420227142
FOCW,C_TIO2,-0.590100000,0.562744706
FOCW,C_V2O5,0.101060000,0.321581981
FOCW,BA,-0.510100000,0.616860695
FOCW,CCO,-0.235340000,0.020970673
FOCW,CCO2,0.602900000,0.554303375
FOCW,CH2,0.195650000,0.054971643
FOCW,CN2,0.121490000,0.233415635
FOCW,C_CH4,-0.116100000,0.909340994
FOCW,FOCA,0.856000000,0.401148378
FOCW,POCA,-0.935600000,0.358803351
FOCW,OEF,-0.526900000,0.605308277
FOCW,OEP,0.000000000,1.000000000
FOCW,TOHA,0.000000000,1.000000000
FOCW,POHA,0.153160000,0.133028210
FOCW,AWS,0.591400000,0.561884560
FOCW,FOCW,1.000000000,0.000000000
FOCW,BKE,-0.168730000,0.097923359
FOCW,FOTCW,0.000000000,1.000000000
FOCW,CIV,0.620000000,0.995148173
FOCW,FS,0.735800000,0.470494060
FOCW,FA,-0.498700000,0.624754433
FOCW,NOCR,0.000000000,1.000000000
FOCW,BWOO,0.000000000,1.000000000
FOCW,BWOC,-0.610000000,0.952292445
FOCW,TOMI,-0.218700000,0.830157839
FOCW,TFP,-0.106840000,0.294681699
FOCW,TFT,-0.337800000,0.740408847
FOCW,SPOF,0.103760000,0.308822633
FOCW,PDOIF,-0.202800000,0.046673870
FOCW,PDOUF,-0.658000000,0.518689297
FOCW,PDOCF,0.841500000,0.409173017
FOCW,OER,0.284300000,0.780368152
FOCW,TCT,-0.381400000,0.708348625
FOCW,UROCG,0.141410000,0.165440181
FOCW,BGV,-0.279900000,0.783682118
FOCW,TLOF,-0.259400000,0.799173046
FOCW,API,0.160410000,0.115629175
FOCW,TOCW,-0.319800000,0.753781105
FOCW,SWS,-0.870000000,0.393490809
FOCW,FOCG,0.000000000,1.000000000
FOCW,ABT,0.817400000,0.422719836
FOCW,VST,0.000000000,1.000000000
BKE,C_C,0.280900000,0.782928597
BKE,C_SI,0.576300000,0.571914439
BKE,C_MN,-0.324600000,0.750207755
BKE,C_P,-0.167730000,0.099929475
BKE,C_S1,0.446800000,0.661227260
BKE,C_V,-0.965400000,0.343701352
BKE,C_TI,-0.464100000,0.648974481
BKE,C_CR,-0.155300000,0.878937031
BKE,C_NI,-0.724600000,0.477276281
BKE,C_CAO,-0.114210000,0.262629669
BKE,C_SIO2,-0.852900000,0.402856003
BKE,C_MGO,0.944800000,0.354097097
BKE,C_AL2O3,-0.979300000,0.336798015
BKE,C_FEO,0.319700000,0.753855606
BKE,C_S2,0.781800000,0.443204166
BKE,C_TIO2,-0.113910000,0.263885438
BKE,C_V2O5,-0.658300000,0.518498677
BKE,BA,0.590000000,0.995382936
BKE,CCO,-0.157610000,0.122123910
BKE,CCO2,-0.100430000,0.324607991
BKE,CH2,-0.120000000,0.906309406
BKE,CN2,0.139500000,0.891172805
BKE,C_CH4,-0.186940000,0.066705969
BKE,FOCA,-0.106340000,0.296947319
BKE,POCA,0.327800000,0.747828490
BKE,OEF,0.139590000,0.170951718
BKE,OEP,0.000000000,1.000000000
BKE,TOHA,0.000000000,1.000000000
BKE,POHA,0.183100000,0.857480038
BKE,AWS,0.153140000,0.133078866
BKE,FOCW,-0.168730000,0.097923359
BKE,BKE,1.000000000,0.000000000
BKE,FOTCW,0.000000000,1.000000000
BKE,CIV,-0.196500000,0.847173937
BKE,FS,0.797600000,0.434043608
BKE,FA,0.204100000,0.841340161
BKE,NOCR,0.000000000,1.000000000
BKE,BWOO,0.000000000,1.000000000
BKE,BWOC,0.692000000,0.497318365
BKE,TOMI,-0.463400000,0.649468447
BKE,TFP,-0.549300000,0.590057792
BKE,TFT,0.470400000,0.644535752
BKE,SPOF,0.940900000,0.356087358
BKE,PDOIF,0.260900000,0.798036798
BKE,PDOUF,0.136210000,0.181550349
BKE,PDOCF,0.105860000,0.299133243
BKE,OER,-0.540900000,0.595755979
BKE,TCT,-0.246000000,0.809342119
BKE,UROCG,-0.114160000,0.262838677
BKE,BGV,-0.370600000,0.716244702
BKE,TLOF,-0.957800000,0.347513770
BKE,API,-0.113310000,0.266409383
BKE,TOCW,-0.307500000,0.762961742
BKE,SWS,-0.395400000,0.698159547
BKE,FOCG,0.000000000,1.000000000
BKE,ABT,0.199260000,0.050640085
BKE,VST,0.000000000,1.000000000
FOTCW,C_C,0.000000000,1.000000000
FOTCW,C_SI,0.000000000,1.000000000
FOTCW,C_MN,0.000000000,1.000000000
FOTCW,C_P,0.000000000,1.000000000
FOTCW,C_S1,0.000000000,1.000000000
FOTCW,C_V,0.000000000,1.000000000
FOTCW,C_TI,0.000000000,1.000000000
FOTCW,C_CR,0.000000000,1.000000000
FOTCW,C_NI,0.000000000,1.000000000
FOTCW,C_CAO,0.000000000,1.000000000
FOTCW,C_SIO2,0.000000000,1.000000000
FOTCW,C_MGO,0.000000000,1.000000000
FOTCW,C_AL2O3,0.000000000,1.000000000
FOTCW,C_FEO,0.000000000,1.000000000
FOTCW,C_S2,0.000000000,1.000000000
FOTCW,C_TIO2,0.000000000,1.000000000
FOTCW,C_V2O5,0.000000000,1.000000000
FOTCW,BA,0.000000000,1.000000000
FOTCW,CCO,0.000000000,1.000000000
FOTCW,CCO2,0.000000000,1.000000000
FOTCW,CH2,0.000000000,1.000000000
FOTCW,CN2,0.000000000,1.000000000
FOTCW,C_CH4,0.000000000,1.000000000
FOTCW,FOCA,0.000000000,1.000000000
FOTCW,POCA,0.000000000,1.000000000
FOTCW,OEF,0.000000000,1.000000000
FOTCW,OEP,0.000000000,1.000000000
FOTCW,TOHA,0.000000000,1.000000000
FOTCW,POHA,0.000000000,1.000000000
FOTCW,AWS,0.000000000,1.000000000
FOTCW,FOCW,0.000000000,1.000000000
FOTCW,BKE,0.000000000,1.000000000
FOTCW,FOTCW,1.000000000,0.000000000
FOTCW,CIV,0.000000000,1.000000000
FOTCW,FS,0.000000000,1.000000000
FOTCW,FA,0.000000000,1.000000000
FOTCW,NOCR,0.000000000,1.000000000
FOTCW,BWOO,0.000000000,1.000000000
FOTCW,BWOC,0.000000000,1.000000000
FOTCW,TOMI,0.000000000,1.000000000
FOTCW,TFP,0.000000000,1.000000000
FOTCW,TFT,0.000000000,1.000000000
FOTCW,SPOF,0.000000000,1.000000000
FOTCW,PDOIF,0.000000000,1.000000000
FOTCW,PDOUF,0.000000000,1.000000000
FOTCW,PDOCF,0.000000000,1.000000000
FOTCW,OER,0.000000000,1.000000000
FOTCW,TCT,0.000000000,1.000000000
FOTCW,UROCG,0.000000000,1.000000000
FOTCW,BGV,0.000000000,1.000000000
FOTCW,TLOF,0.000000000,1.000000000
FOTCW,API,0.000000000,1.000000000
FOTCW,TOCW,0.000000000,1.000000000
FOTCW,SWS,0.000000000,1.000000000
FOTCW,FOCG,0.000000000,1.000000000
FOTCW,ABT,0.000000000,1.000000000
FOTCW,VST,0.000000000,1.000000000
CIV,C_C,-0.392700000,0.700120423
CIV,C_SI,-0.117500000,0.249128559
CIV,C_MN,0.344400000,0.735525027
CIV,C_P,0.516000000,0.959637256
CIV,C_S1,-0.977000000,0.337934096
CIV,C_V,-0.954300000,0.349278500
CIV,C_TI,-0.116700000,0.908874509
CIV,C_CR,0.918900000,0.367446155
CIV,C_NI,-0.645000000,0.949558676
CIV,C_CAO,-0.817700000,0.422549605
CIV,C_SIO2,0.105570000,0.300459095
CIV,C_MGO,-0.135360000,0.184290838
CIV,C_AL2O3,0.957600000,0.347614459
CIV,C_FEO,-0.857200000,0.400488530
CIV,C_S2,-0.175750000,0.084730875
CIV,C_TIO2,-0.143330000,0.159771870
CIV,C_V2O5,0.724700000,0.477215490
CIV,BA,-0.196500000,0.847173937
CIV,CCO,0.388200000,0.703392989
CIV,CCO2,-0.737100000,0.469710299
CIV,CH2,0.128240000,0.208457783
CIV,CN2,-0.213960000,0.035839864
CIV,C_CH4,0.160250000,0.115992837
CIV,FOCA,0.364000000,0.971520952
CIV,POCA,-0.239700000,0.814134363
CIV,OEF,0.137060000,0.178840213
CIV,OEP,0.000000000,1.000000000
CIV,TOHA,0.000000000,1.000000000
CIV,POHA,0.672000000,0.947450173
CIV,AWS,-0.838000000,0.934495420
CIV,FOCW,0.620000000,0.995148173
CIV,BKE,-0.196500000,0.847173937
CIV,FOTCW,0.000000000,1.000000000
CIV,CIV,1.000000000,0.000000000
CIV,FS,0.601500000,0.555223621
CIV,FA,0.115700000,0.909652001
CIV,NOCR,0.000000000,1.000000000
CIV,BWOO,0.000000000,1.000000000
CIV,BWOC,0.160900000,0.874607075
CIV,TOMI,0.484500000,0.634647431
CIV,TFP,-0.131000000,0.897766268
CIV,TFT,-0.395300000,0.698232136
CIV,SPOF,-0.106400000,0.916886729
CIV,PDOIF,-0.575000000,0.572781901
CIV,PDOUF,0.297700000,0.770300403
CIV,PDOCF,-0.355500000,0.727335475
CIV,OER,-0.120500000,0.905920839
CIV,TCT,0.774200000,0.447649565
CIV,UROCG,0.113660000,0.264935071
CIV,BGV,0.101800000,0.920467780
CIV,TLOF,-0.178100000,0.861331928
CIV,API,0.485200000,0.634158197
CIV,TOCW,0.257500000,0.800612902
CIV,SWS,0.631800000,0.535475320
CIV,FOCG,0.000000000,1.000000000
CIV,ABT,0.424000000,0.677514617
CIV,VST,0.000000000,1.000000000
FS,C_C,0.729900000,0.474060188
FS,C_SI,0.402750000,0.000077586
FS,C_MN,0.115350000,0.257895406
FS,C_P,-0.103100000,0.919455577
FS,C_S1,0.511080000,0.000000528
FS,C_V,0.315000000,0.757359734
FS,C_TI,-0.152000000,0.881490316
FS,C_CR,-0.557700000,0.584384837
FS,C_NI,0.154870000,0.128752091
FS,C_CAO,-0.108040000,0.289291580
FS,C_SIO2,0.145550000,0.153402363
FS,C_MGO,0.911000000,0.371579471
FS,C_AL2O3,0.204380000,0.044989887
FS,C_FEO,0.536250000,0.000000142
FS,C_S2,-0.128300000,0.208244964
FS,C_TIO2,-0.223160000,0.028596502
FS,C_V2O5,0.274100000,0.788056519
FS,BA,-0.773900000,0.447825559
FS,CCO,0.301820000,0.003067451
FS,CCO2,-0.209590000,0.039795568
FS,CH2,0.990600000,0.331252119
FS,CN2,-0.851500000,0.403628614
FS,C_CH4,0.159200000,0.875921135
FS,FOCA,-0.228700000,0.024873528
FS,POCA,0.328900000,0.747011171
FS,OEF,0.134480000,0.187160186
FS,OEP,0.000000000,1.000000000
FS,TOHA,0.000000000,1.000000000
FS,POHA,-0.610700000,0.549189995
FS,AWS,0.239400000,0.018856844
FS,FOCW,0.735800000,0.470494060
FS,BKE,0.797600000,0.434043608
FS,FOTCW,0.000000000,1.000000000
FS,CIV,0.601500000,0.555223621
FS,FS,1.000000000,0.000000000
FS,FA,-0.588400000,0.563870469
FS,NOCR,0.000000000,1.000000000
FS,BWOO,0.000000000,1.000000000
FS,BWOC,-0.185370000,0.069026304
FS,TOMI,-0.321180000,0.001627594
FS,TFP,-0.377171000,0.000000000
FS,TFT,-0.408370000,0.000000000
FS,SPOF,-0.742900000,0.466222323
FS,PDOIF,0.305550000,0.002721992
FS,PDOUF,0.260440000,0.010624758
FS,PDOCF,0.145280000,0.154166558
FS,OER,-0.211110000,0.038379587
FS,TCT,-0.542250000,0.000000102
FS,UROCG,0.170556000,0.000000000
FS,BGV,-0.759900000,0.456082246
FS,TLOF,-0.192800000,0.058605679
FS,API,-0.301590000,0.003090008
FS,TOCW,-0.853800000,0.402359793
FS,SWS,0.343500000,0.736190378
FS,FOCG,0.000000000,1.000000000
FS,ABT,0.934300000,0.359471522
FS,VST,0.000000000,1.000000000
FA,C_C,-0.498800000,0.624685000
FA,C_SI,-0.162500000,0.873370629
FA,C_MN,0.144270000,0.157050879
FA,C_P,0.146100000,0.151854581
FA,C_S1,0.253500000,0.803646389
FA,C_V,0.399500000,0.695185772
FA,C_TI,-0.186200000,0.067791503
FA,C_CR,0.622700000,0.541368963
FA,C_NI,-0.833500000,0.413640990
FA,C_CAO,-0.160550000,0.115311707
FA,C_SIO2,-0.333500000,0.743596381
FA,C_MGO,-0.121700000,0.232608553
FA,C_AL2O3,-0.167820000,0.099747594
FA,C_FEO,0.275200000,0.787226373
FA,C_S2,0.896400000,0.379293785
FA,C_TIO2,-0.720800000,0.479589488
FA,C_V2O5,0.206700000,0.839346376
FA,BA,0.115010000,0.259301145
FA,CCO,0.184700000,0.856248144
FA,CCO2,-0.312300000,0.759375006
FA,CH2,-0.112830000,0.268440462
FA,CN2,-0.796000000,0.937771626
FA,C_CH4,-0.109260000,0.283880105
FA,FOCA,-0.217600000,0.830999175
FA,POCA,-0.144600000,0.887220306
FA,OEF,-0.783300000,0.442329774
FA,OEP,0.000000000,1.000000000
FA,TOHA,0.000000000,1.000000000
FA,POHA,0.880800000,0.387644460
FA,AWS,0.431000000,0.672497615
FA,FOCW,-0.498700000,0.624754433
FA,BKE,0.204100000,0.841340161
FA,FOTCW,0.000000000,1.000000000
FA,CIV,0.115700000,0.909652001
FA,FS,-0.588400000,0.563870469
FA,FA,1.000000000,0.000000000
FA,NOCR,0.000000000,1.000000000
FA,BWOO,0.000000000,1.000000000
FA,BWOC,-0.117490000,0.249168847
FA,TOMI,-0.584000000,0.954323610
FA,TFP,-0.225900000,0.824655757
FA,TFT,-0.103300000,0.310972466
FA,SPOF,0.408800000,0.688457797
FA,PDOIF,0.192500000,0.850247733
FA,PDOUF,-0.408400000,0.688746671
FA,PDOCF,-0.110030000,0.280500162
FA,OER,0.149800000,0.883193193
FA,TCT,0.156300000,0.878163555
FA,UROCG,0.260000000,0.979655707
FA,BGV,-0.542900000,0.594396993
FA,TLOF,0.137000000,0.893111299
FA,API,0.115850000,0.255837758
FA,TOCW,-0.384800000,0.705869248
FA,SWS,-0.595000000,0.953464234
FA,FOCG,0.000000000,1.000000000
FA,ABT,-0.933000000,0.927089130
FA,VST,0.000000000,1.000000000
NOCR,C_C,0.000000000,1.000000000
NOCR,C_SI,0.000000000,1.000000000
NOCR,C_MN,0.000000000,1.000000000
NOCR,C_P,0.000000000,1.000000000
NOCR,C_S1,0.000000000,1.000000000
NOCR,C_V,0.000000000,1.000000000
NOCR,C_TI,0.000000000,1.000000000
NOCR,C_CR,0.000000000,1.000000000
NOCR,C_NI,0.000000000,1.000000000
NOCR,C_CAO,0.000000000,1.000000000
NOCR,C_SIO2,0.000000000,1.000000000
NOCR,C_MGO,0.000000000,1.000000000
NOCR,C_AL2O3,0.000000000,1.000000000
NOCR,C_FEO,0.000000000,1.000000000
NOCR,C_S2,0.000000000,1.000000000
NOCR,C_TIO2,0.000000000,1.000000000
NOCR,C_V2O5,0.000000000,1.000000000
NOCR,BA,0.000000000,1.000000000
NOCR,CCO,0.000000000,1.000000000
NOCR,CCO2,0.000000000,1.000000000
NOCR,CH2,0.000000000,1.000000000
NOCR,CN2,0.000000000,1.000000000
NOCR,C_CH4,0.000000000,1.000000000
NOCR,FOCA,0.000000000,1.000000000
NOCR,POCA,0.000000000,1.000000000
NOCR,OEF,0.000000000,1.000000000
NOCR,OEP,0.000000000,1.000000000
NOCR,TOHA,0.000000000,1.000000000
NOCR,POHA,0.000000000,1.000000000
NOCR,AWS,0.000000000,1.000000000
NOCR,FOCW,0.000000000,1.000000000
NOCR,BKE,0.000000000,1.000000000
NOCR,FOTCW,0.000000000,1.000000000
NOCR,CIV,0.000000000,1.000000000
NOCR,FS,0.000000000,1.000000000
NOCR,FA,0.000000000,1.000000000
NOCR,NOCR,1.000000000,0.000000000
NOCR,BWOO,0.000000000,1.000000000
NOCR,BWOC,0.000000000,1.000000000
NOCR,TOMI,0.000000000,1.000000000
NOCR,TFP,0.000000000,1.000000000
NOCR,TFT,0.000000000,1.000000000
NOCR,SPOF,0.000000000,1.000000000
NOCR,PDOIF,0.000000000,1.000000000
NOCR,PDOUF,0.000000000,1.000000000
NOCR,PDOCF,0.000000000,1.000000000
NOCR,OER,0.000000000,1.000000000
NOCR,TCT,0.000000000,1.000000000
NOCR,UROCG,0.000000000,1.000000000
NOCR,BGV,0.000000000,1.000000000
NOCR,TLOF,0.000000000,1.000000000
NOCR,API,0.000000000,1.000000000
NOCR,TOCW,0.000000000,1.000000000
NOCR,SWS,0.000000000,1.000000000
NOCR,FOCG,0.000000000,1.000000000
NOCR,ABT,0.000000000,1.000000000
NOCR,VST,0.000000000,1.000000000
BWOO,C_C,0.000000000,1.000000000
BWOO,C_SI,0.000000000,1.000000000
BWOO,C_MN,0.000000000,1.000000000
BWOO,C_P,0.000000000,1.000000000
BWOO,C_S1,0.000000000,1.000000000
BWOO,C_V,0.000000000,1.000000000
BWOO,C_TI,0.000000000,1.000000000
BWOO,C_CR,0.000000000,1.000000000
BWOO,C_NI,0.000000000,1.000000000
BWOO,C_CAO,0.000000000,1.000000000
BWOO,C_SIO2,0.000000000,1.000000000
BWOO,C_MGO,0.000000000,1.000000000
BWOO,C_AL2O3,0.000000000,1.000000000
BWOO,C_FEO,0.000000000,1.000000000
BWOO,C_S2,0.000000000,1.000000000
BWOO,C_TIO2,0.000000000,1.000000000
BWOO,C_V2O5,0.000000000,1.000000000
BWOO,BA,0.000000000,1.000000000
BWOO,CCO,0.000000000,1.000000000
BWOO,CCO2,0.000000000,1.000000000
BWOO,CH2,0.000000000,1.000000000
BWOO,CN2,0.000000000,1.000000000
BWOO,C_CH4,0.000000000,1.000000000
BWOO,FOCA,0.000000000,1.000000000
BWOO,POCA,0.000000000,1.000000000
BWOO,OEF,0.000000000,1.000000000
BWOO,OEP,0.000000000,1.000000000
BWOO,TOHA,0.000000000,1.000000000
BWOO,POHA,0.000000000,1.000000000
BWOO,AWS,0.000000000,1.000000000
BWOO,FOCW,0.000000000,1.000000000
BWOO,BKE,0.000000000,1.000000000
BWOO,FOTCW,0.000000000,1.000000000
BWOO,CIV,0.000000000,1.000000000
BWOO,FS,0.000000000,1.000000000
BWOO,FA,0.000000000,1.000000000
BWOO,NOCR,0.000000000,1.000000000
BWOO,BWOO,1.000000000,0.000000000
BWOO,BWOC,0.000000000,1.000000000
BWOO,TOMI,0.000000000,1.000000000
BWOO,TFP,0.000000000,1.000000000
BWOO,TFT,0.000000000,1.000000000
BWOO,SPOF,0.000000000,1.000000000
BWOO,PDOIF,0.000000000,1.000000000
BWOO,PDOUF,0.000000000,1.000000000
BWOO,PDOCF,0.000000000,1.000000000
BWOO,OER,0.000000000,1.000000000
BWOO,TCT,0.000000000,1.000000000
BWOO,UROCG,0.000000000,1.000000000
BWOO,BGV,0.000000000,1.000000000
BWOO,TLOF,0.000000000,1.000000000
BWOO,API,0.000000000,1.000000000
BWOO,TOCW,0.000000000,1.000000000
BWOO,SWS,0.000000000,1.000000000
BWOO,FOCG,0.000000000,1.000000000
BWOO,ABT,0.000000000,1.000000000
BWOO,VST,0.000000000,1.000000000
BWOC,C_C,0.139800000,0.890940229
BWOC,C_SI,-0.158960000,0.118957787
BWOC,C_MN,0.424600000,0.677084023
BWOC,C_P,0.563200000,0.580684202
BWOC,C_S1,-0.104120000,0.307147024
BWOC,C_V,-0.849400000,0.404789193
BWOC,C_TI,0.633700000,0.534248871
BWOC,C_CR,-0.740600000,0.467603763
BWOC,C_NI,-0.825800000,0.417968567
BWOC,C_CAO,0.967600000,0.342602760
BWOC,C_SIO2,0.789600000,0.438668125
BWOC,C_MGO,-0.136550000,0.180462661
BWOC,C_AL2O3,0.135700000,0.894119569
BWOC,C_FEO,-0.118270000,0.246040057
BWOC,C_S2,-0.715100000,0.483070734
BWOC,C_TIO2,0.159300000,0.875843828
BWOC,C_V2O5,0.101250000,0.320673001
BWOC,BA,0.970400000,0.341207803
BWOC,CCO,0.120070000,0.238925161
BWOC,CCO2,0.218900000,0.031776753
BWOC,CH2,-0.528100000,0.604486824
BWOC,CN2,-0.198100000,0.845945066
BWOC,C_CH4,-0.160420000,0.115606476
BWOC,FOCA,-0.635600000,0.533023842
BWOC,POCA,0.213240000,0.036467556
BWOC,OEF,-0.603300000,0.554040585
BWOC,OEP,0.000000000,1.000000000
BWOC,TOHA,0.000000000,1.000000000
BWOC,POHA,0.597000000,0.558186598
BWOC,AWS,0.398400000,0.695983156
BWOC,FOCW,-0.610000000,0.952292445
BWOC,BKE,0.692000000,0.497318365
BWOC,FOTCW,0.000000000,1.000000000
BWOC,CIV,0.160900000,0.874607075
BWOC,FS,-0.185370000,0.069026304
BWOC,FA,-0.117490000,0.249168847
BWOC,NOCR,0.000000000,1.000000000
BWOC,BWOO,0.000000000,1.000000000
BWOC,BWOC,1.000000000,0.000000000
BWOC,TOMI,0.849300000,0.404844508
BWOC,TFP,0.895800000,0.379612905
BWOC,TFT,0.162800000,0.873138829
BWOC,SPOF,-0.806500000,0.428932087
BWOC,PDOIF,0.108930000,0.285337058
BWOC,PDOUF,0.636800000,0.532250871
BWOC,PDOCF,-0.493700000,0.628230298
BWOC,OER,0.233630000,0.021921019
BWOC,TCT,0.218000000,0.982941544
BWOC,UROCG,-0.104900000,0.303537225
BWOC,BGV,-0.129720000,0.203254131
BWOC,TLOF,0.210600000,0.038849836
BWOC,API,-0.164680000,0.106251087
BWOC,TOCW,-0.141400000,0.889699984
BWOC,SWS,0.728400000,0.474969193
BWOC,FOCG,0.000000000,1.000000000
BWOC,ABT,0.154400000,0.879633258
BWOC,VST,0.000000000,1.000000000
TOMI,C_C,-0.341290000,0.000813045
TOMI,C_SI,-0.608533000,0.000000000
TOMI,C_MN,-0.854300000,0.402084279
TOMI,C_P,-0.819000000,0.935977379
TOMI,C_S1,-0.537825000,0.000000000
TOMI,C_V,0.180310000,0.076959463
TOMI,C_TI,-0.971000000,0.924128345
TOMI,C_CR,0.114200000,0.910818402
TOMI,C_NI,-0.269300000,0.791681782
TOMI,C_CAO,0.100200000,0.325717328
TOMI,C_SIO2,0.903000000,0.375794368
TOMI,C_MGO,-0.628800000,0.537414703
TOMI,C_AL2O3,-0.633100000,0.534636018
TOMI,C_FEO,-0.536870000,0.000000000
TOMI,C_S2,0.387000000,0.704266605
TOMI,C_TIO2,0.955900000,0.348471062
TOMI,C_V2O5,0.700600000,0.491988048
TOMI,BA,-0.841000000,0.409451422
TOMI,CCO,0.206970000,0.042340325
TOMI,CCO2,-0.223320000,0.028482598
TOMI,CH2,0.424700000,0.677012268
TOMI,CN2,0.860000000,0.993270084
TOMI,C_CH4,-0.130610000,0.200170799
TOMI,FOCA,-0.116500000,0.253179907
TOMI,POCA,0.262956000,0.000000000
TOMI,OEF,0.224480000,0.027668420
TOMI,OEP,0.000000000,1.000000000
TOMI,TOHA,0.000000000,1.000000000
TOMI,POHA,0.660500000,0.517101902
TOMI,AWS,0.180220000,0.077107025
TOMI,FOCW,-0.218700000,0.830157839
TOMI,BKE,-0.463400000,0.649468447
TOMI,FOTCW,0.000000000,1.000000000
TOMI,CIV,0.484500000,0.634647431
TOMI,FS,-0.321180000,0.001627594
TOMI,FA,-0.584000000,0.954323610
TOMI,NOCR,0.000000000,1.000000000
TOMI,BWOO,0.000000000,1.000000000
TOMI,BWOC,0.849300000,0.404844508
TOMI,TOMI,1.000000000,0.000000000
TOMI,TFP,0.208994000,0.000000000
TOMI,TFT,0.141640000,0.164753294
TOMI,SPOF,-0.145490000,0.153571934
TOMI,PDOIF,0.279240000,0.006157138
TOMI,PDOUF,0.235490000,0.020889048
TOMI,PDOCF,-0.106430000,0.296538650
TOMI,OER,0.588629000,0.000000000
TOMI,TCT,0.567890000,0.000000000
TOMI,UROCG,0.171588000,0.000000000
TOMI,BGV,0.215070000,0.034890229
TOMI,TLOF,0.568814000,0.000000000
TOMI,API,-0.751040000,0.000000000
TOMI,TOCW,-0.219360000,0.031419341
TOMI,SWS,-0.219600000,0.829469617
TOMI,FOCG,0.000000000,1.000000000
TOMI,ABT,-0.693700000,0.496262265
TOMI,VST,0.000000000,1.000000000
TFP,C_C,-0.559800000,0.582970573
TFP,C_SI,-0.325652000,0.000000000
TFP,C_MN,-0.133230000,0.191292477
TFP,C_P,0.304100000,0.765505433
TFP,C_S1,-0.352292000,0.000000000
TFP,C_V,-0.139800000,0.890940229
TFP,C_TI,0.430000000,0.996635012
TFP,C_CR,0.216940000,0.033338964
TFP,C_NI,-0.940600000,0.356240747
TFP,C_CAO,-0.154160000,0.130514408
TFP,C_SIO2,0.165650000,0.104207114
TFP,C_MGO,-0.180880000,0.076030242
TFP,C_AL2O3,-0.431800000,0.671925165
TFP,C_FEO,-0.353055000,0.000000000
TFP,C_S2,-0.178000000,0.861408999
TFP,C_TIO2,0.631400000,0.535733701
TFP,C_V2O5,-0.138900000,0.891637985
TFP,BA,-0.160100000,0.875225414
TFP,CCO,0.996000000,0.922181031
TFP,CCO2,-0.232692000,0.000000000
TFP,CH2,-0.730000000,0.994287378
TFP,CN2,0.316400000,0.756315426
TFP,C_CH4,-0.163380000,0.109040124
TFP,FOCA,0.320945000,0.000000000
TFP,POCA,-0.777330000,0.000000000
TFP,OEF,0.414400000,0.684418359
TFP,OEP,0.000000000,1.000000000
TFP,TOHA,0.000000000,1.000000000
TFP,POHA,-0.940000000,0.926543645
TFP,AWS,0.318051000,0.000000000
TFP,FOCW,-0.106840000,0.294681699
TFP,BKE,-0.549300000,0.590057792
TFP,FOTCW,0.000000000,1.000000000
TFP,CIV,-0.131000000,0.897766268
TFP,FS,-0.377171000,0.000000000
TFP,FA,-0.225900000,0.824655757
TFP,NOCR,0.000000000,1.000000000
TFP,BWOO,0.000000000,1.000000000
TFP,BWOC,0.895800000,0.379612905
TFP,TOMI,0.208994000,0.000000000
TFP,TFP,1.000000000,0.000000000
TFP,TFT,0.461565000,0.000000000
TFP,SPOF,0.141742000,0.000000000
TFP,PDOIF,-0.273151000,0.000000000
TFP,PDOUF,0.358077000,0.000000000
TFP,PDOCF,0.511000000,0.960028039
TFP,OER,0.256948000,0.000000000
TFP,TCT,0.335979000,0.000000000
TFP,UROCG,-0.207296000,0.000000000
TFP,BGV,0.613020000,0.000000002
TFP,TLOF,0.242660000,0.000000000
TFP,API,0.347074000,0.000000000
TFP,TOCW,-0.296350000,0.003646670
TFP,SWS,0.189066000,0.000000000
TFP,FOCG,0.000000000,1.000000000
TFP,ABT,-0.561700000,0.581692377
TFP,VST,0.000000000,1.000000000
TFT,C_C,-0.319500000,0.754004615
TFT,C_SI,-0.155320000,0.127644738
TFT,C_MN,0.560000000,0.995617700
TFT,C_P,0.209000000,0.837583502
TFT,C_S1,-0.200380000,0.049355780
TFT,C_V,0.320000000,0.997495820
TFT,C_TI,-0.550900000,0.588975275
TFT,C_CR,0.538100000,0.597660934
TFT,C_NI,-0.986900000,0.333061494
TFT,C_CAO,-0.402100000,0.693302387
TFT,C_SIO2,0.106880000,0.294500952
TFT,C_MGO,-0.211900000,0.037660716
TFT,C_AL2O3,-0.116630000,0.252650652
TFT,C_FEO,-0.260370000,0.010645742
TFT,C_S2,0.693100000,0.496634869
TFT,C_TIO2,0.157040000,0.123480331
TFT,C_V2O5,-0.750700000,0.461554352
TFT,BA,0.698000000,0.493596300
TFT,CCO,-0.169473000,0.000000000
TFT,CCO2,-0.231927000,0.000000000
TFT,CH2,0.157600000,0.877158210
TFT,CN2,0.212200000,0.835132165
TFT,C_CH4,-0.520000000,0.610041299
TFT,FOCA,0.244654000,0.000000000
TFT,POCA,-0.121650000,0.000000000
TFT,OEF,0.478500000,0.638847397
TFT,OEP,0.000000000,1.000000000
TFT,TOHA,0.000000000,1.000000000
TFT,POHA,0.102470000,0.314876430
TFT,AWS,0.327719000,0.000000000
TFT,FOCW,-0.337800000,0.740408847
TFT,BKE,0.470400000,0.644535752
TFT,FOTCW,0.000000000,1.000000000
TFT,CIV,-0.395300000,0.698232136
TFT,FS,-0.408370000,0.000000000
TFT,FA,-0.103300000,0.310972466
TFT,NOCR,0.000000000,1.000000000
TFT,BWOO,0.000000000,1.000000000
TFT,BWOC,0.162800000,0.873138829
TFT,TOMI,0.141640000,0.164753294
TFT,TFP,0.461565000,0.000000000
TFT,TFT,1.000000000,0.000000000
TFT,SPOF,0.308617000,0.000000000
TFT,PDOIF,-0.260687000,0.000000000
TFT,PDOUF,0.363844000,0.000000000
TFT,PDOCF,0.324700000,0.750133367
TFT,OER,0.713200000,0.484234191
TFT,TCT,0.194700000,0.056161531
TFT,UROCG,-0.231366000,0.000000000
TFT,BGV,0.124070000,0.223637089
TFT,TLOF,0.596900000,0.558252529
TFT,API,0.295692000,0.000000000
TFT,TOCW,0.435330000,0.000019399
TFT,SWS,0.847300000,0.405951764
TFT,FOCG,0.000000000,1.000000000
TFT,ABT,-0.224250000,0.027828238
TFT,VST,0.000000000,1.000000000
SPOF,C_C,-0.870000000,0.993191832
SPOF,C_SI,0.558800000,0.583643833
SPOF,C_MN,0.310950000,0.002284564
SPOF,C_P,0.589800000,0.562943291
SPOF,C_S1,0.275900000,0.786698224
SPOF,C_V,-0.371200000,0.715805225
SPOF,C_TI,0.116040000,0.255058851
SPOF,C_CR,0.362600000,0.722113327
SPOF,C_NI,0.914400000,0.369797053
SPOF,C_CAO,0.957000000,0.925219041
SPOF,C_SIO2,0.205400000,0.043930199
SPOF,C_MGO,-0.110460000,0.278624601
SPOF,C_AL2O3,-0.410100000,0.687519273
SPOF,C_FEO,0.229600000,0.821831628
SPOF,C_S2,0.443500000,0.663574967
SPOF,C_TIO2,-0.178840000,0.079398640
SPOF,C_V2O5,-0.202820000,0.046652227
SPOF,BA,-0.808000000,0.428074054
SPOF,CCO,-0.353112000,0.000000000
SPOF,CCO2,-0.412817000,0.000000000
SPOF,CH2,-0.222000000,0.827635001
SPOF,CN2,0.811100000,0.426303955
SPOF,C_CH4,0.195600000,0.847865340
SPOF,FOCA,0.421000000,0.967063683
SPOF,POCA,0.140540000,0.168057904
SPOF,OEF,0.745100000,0.464903069
SPOF,OEP,0.000000000,1.000000000
SPOF,TOHA,0.000000000,1.000000000
SPOF,POHA,0.430000000,0.673213444
SPOF,AWS,0.564973000,0.000000000
SPOF,FOCW,0.103760000,0.308822633
SPOF,BKE,0.940900000,0.356087358
SPOF,FOTCW,0.000000000,1.000000000
SPOF,CIV,-0.106400000,0.916886729
SPOF,FS,-0.742900000,0.466222323
SPOF,FA,0.408800000,0.688457797
SPOF,NOCR,0.000000000,1.000000000
SPOF,BWOO,0.000000000,1.000000000
SPOF,BWOC,-0.806500000,0.428932087
SPOF,TOMI,-0.145490000,0.153571934
SPOF,TFP,0.141742000,0.000000000
SPOF,TFT,0.308617000,0.000000000
SPOF,SPOF,1.000000000,0.000000000
SPOF,PDOIF,-0.146331000,0.000000000
SPOF,PDOUF,0.313299000,0.000000000
SPOF,PDOCF,-0.836500000,0.411962127
SPOF,OER,-0.362900000,0.721892956
SPOF,TCT,-0.412200000,0.686004213
SPOF,UROCG,-0.199840000,0.000000000
SPOF,BGV,0.530300000,0.602982129
SPOF,TLOF,-0.299200000,0.769175787
SPOF,API,0.846410000,0.000000000
SPOF,TOCW,0.506937000,0.000000000
SPOF,SWS,-0.302760000,0.000000000
SPOF,FOCG,0.000000000,1.000000000
SPOF,ABT,-0.157070000,0.123408648
SPOF,VST,0.000000000,1.000000000
PDOIF,C_C,-0.172440000,0.090760264
PDOIF,C_SI,-0.530880000,0.000000188
PDOIF,C_MN,-0.624000000,0.951198868
PDOIF,C_P,0.933000000,0.927089130
PDOIF,C_S1,-0.770520000,0.000000000
PDOIF,C_V,0.601000000,0.555552461
PDOIF,C_TI,-0.130860000,0.199310868
PDOIF,C_CR,-0.356300000,0.726746425
PDOIF,C_NI,0.852500000,0.403076659
PDOIF,C_CAO,-0.466400000,0.647352537
PDOIF,C_SIO2,-0.814300000,0.424481240
PDOIF,C_MGO,0.108230000,0.288444272
PDOIF,C_AL2O3,-0.913600000,0.370215967
PDOIF,C_FEO,-0.740500000,0.000000000
PDOIF,C_S2,0.282510000,0.005581850
PDOIF,C_TIO2,0.202090000,0.047447695
PDOIF,C_V2O5,0.122800000,0.228413324
PDOIF,BA,0.150900000,0.138847329
PDOIF,CCO,0.297881000,0.000000000
PDOIF,CCO2,0.423790000,0.000032054
PDOIF,CH2,-0.152820000,0.133891388
PDOIF,CN2,0.142700000,0.888692483
PDOIF,C_CH4,0.242300000,0.812155758
PDOIF,FOCA,-0.695047000,0.000000000
PDOIF,POCA,0.741760000,0.000000000
PDOIF,OEF,-0.574900000,0.572848654
PDOIF,OEP,0.000000000,1.000000000
PDOIF,TOHA,0.000000000,1.000000000
PDOIF,POHA,-0.356400000,0.726672805
PDOIF,AWS,-0.472260000,0.000003579
PDOIF,FOCW,-0.202800000,0.046673870
PDOIF,BKE,0.260900000,0.798036798
PDOIF,FOTCW,0.000000000,1.000000000
PDOIF,CIV,-0.575000000,0.572781901
PDOIF,FS,0.305550000,0.002721992
PDOIF,FA,0.192500000,0.850247733
PDOIF,NOCR,0.000000000,1.000000000
PDOIF,BWOO,0.000000000,1.000000000
PDOIF,BWOC,0.108930000,0.285337058
PDOIF,TOMI,0.279240000,0.006157138
PDOIF,TFP,-0.273151000,0.000000000
PDOIF,TFT,-0.260687000,0.000000000
PDOIF,SPOF,-0.146331000,0.000000000
PDOIF,PDOIF,1.000000000,0.000000000
PDOIF,PDOUF,-0.117330000,0.249814073
PDOIF,PDOCF,-0.255200000,0.802356793
PDOIF,OER,0.248810000,0.014659531
PDOIF,TCT,0.542040000,0.000000104
PDOIF,UROCG,-0.133177000,0.000000000
PDOIF,BGV,-0.795640000,0.000000000
PDOIF,TLOF,-0.984000000,0.923115684
PDOIF,API,-0.723704000,0.000000000
PDOIF,TOCW,0.688100000,0.499745698
PDOIF,SWS,-0.136785000,0.000000000
PDOIF,FOCG,0.000000000,1.000000000
PDOIF,ABT,-0.136830000,0.179570557
PDOIF,VST,0.000000000,1.000000000
PDOUF,C_C,-0.106730000,0.295179139
PDOUF,C_SI,-0.504270000,0.000000746
PDOUF,C_MN,0.219600000,0.829469617
PDOUF,C_P,0.149000000,0.988340307
PDOUF,C_S1,-0.694750000,0.000000000
PDOUF,C_V,-0.137620000,0.177071226
PDOUF,C_TI,0.134100000,0.895360751
PDOUF,C_CR,0.649500000,0.524105207
PDOUF,C_NI,-0.331600000,0.745006231
PDOUF,C_CAO,-0.176270000,0.083813797
PDOUF,C_SIO2,0.222040000,0.029404867
PDOUF,C_MGO,-0.215090000,0.034873317
PDOUF,C_AL2O3,0.366000000,0.971364541
PDOUF,C_FEO,-0.708820000,0.000000000
PDOUF,C_S2,0.619800000,0.543253940
PDOUF,C_TIO2,0.289100000,0.776757462
PDOUF,C_V2O5,-0.528600000,0.604144700
PDOUF,BA,-0.499000000,0.960965957
PDOUF,CCO,-0.326760000,0.001347405
PDOUF,CCO2,-0.415056000,0.000000000
PDOUF,CH2,0.115290000,0.258143093
PDOUF,CN2,0.621300000,0.542278544
PDOUF,C_CH4,-0.152220000,0.135425201
PDOUF,FOCA,0.343900000,0.000741015
PDOUF,POCA,0.796420000,0.000000000
PDOUF,OEF,0.923300000,0.365156521
PDOUF,OEP,0.000000000,1.000000000
PDOUF,TOHA,0.000000000,1.000000000
PDOUF,POHA,-0.130890000,0.199207858
PDOUF,AWS,0.588029000,0.000000000
PDOUF,FOCW,-0.658000000,0.518689297
PDOUF,BKE,0.136210000,0.181550349
PDOUF,FOTCW,0.000000000,1.000000000
PDOUF,CIV,0.297700000,0.770300403
PDOUF,FS,0.260440000,0.010624758
PDOUF,FA,-0.408400000,0.688746671
PDOUF,NOCR,0.000000000,1.000000000
PDOUF,BWOO,0.000000000,1.000000000
PDOUF,BWOC,0.636800000,0.532250871
PDOUF,TOMI,0.235490000,0.020889048
PDOUF,TFP,0.358077000,0.000000000
PDOUF,TFT,0.363844000,0.000000000
PDOUF,SPOF,0.313299000,0.000000000
PDOUF,PDOIF,-0.117330000,0.249814073
PDOUF,PDOUF,1.000000000,0.000000000
PDOUF,PDOCF,0.193890000,0.057192931
PDOUF,OER,0.247300000,0.015271913
PDOUF,TCT,0.570080000,0.000000022
PDOUF,UROCG,-0.401357000,0.000000000
PDOUF,BGV,0.122040000,0.231306050
PDOUF,TLOF,0.179750000,0.077881374
PDOUF,API,0.648700000,0.000000000
PDOUF,TOCW,0.342300000,0.737077821
PDOUF,SWS,0.418000000,0.967298252
PDOUF,FOCG,0.000000000,1.000000000
PDOUF,ABT,-0.876000000,0.390236273
PDOUF,VST,0.000000000,1.000000000
PDOCF,C_C,-0.242770000,0.017246222
PDOCF,C_SI,-0.105100000,0.917898597
PDOCF,C_MN,-0.356700000,0.726451961
PDOCF,C_P,0.405600000,0.690770052
PDOCF,C_S1,0.517900000,0.611485039
PDOCF,C_V,-0.219000000,0.982863306
PDOCF,C_TI,-0.570200000,0.575990235
PDOCF,C_CR,0.373700000,0.713975085
PDOCF,C_NI,0.621500000,0.542148557
PDOCF,C_CAO,0.439200000,0.666639059
PDOCF,C_SIO2,-0.478600000,0.638777302
PDOCF,C_MGO,-0.985000000,0.333993106
PDOCF,C_AL2O3,0.121260000,0.234301857
PDOCF,C_FEO,0.799000000,0.433237224
PDOCF,C_S2,0.154300000,0.879710622
PDOCF,C_TIO2,-0.647000000,0.949402478
PDOCF,C_V2O5,-0.445500000,0.662151718
PDOCF,BA,-0.313230000,0.002120009
PDOCF,CCO,0.149930000,0.141404237
PDOCF,CCO2,0.161940000,0.112196758
PDOCF,CH2,0.131810000,0.196067747
PDOCF,CN2,0.173080000,0.089568298
PDOCF,C_CH4,0.123400000,0.903667595
PDOCF,FOCA,0.262200000,0.797052397
PDOCF,POCA,0.165400000,0.871130359
PDOCF,OEF,-0.432400000,0.671495953
PDOCF,OEP,0.000000000,1.000000000
PDOCF,TOHA,0.000000000,1.000000000
PDOCF,POHA,-0.553800000,0.587015553
PDOCF,AWS,0.629300000,0.537091227
PDOCF,FOCW,0.841500000,0.409173017
PDOCF,BKE,0.105860000,0.299133243
PDOCF,FOTCW,0.000000000,1.000000000
PDOCF,CIV,-0.355500000,0.727335475
PDOCF,FS,0.145280000,0.154166558
PDOCF,FA,-0.110030000,0.280500162
PDOCF,NOCR,0.000000000,1.000000000
PDOCF,BWOO,0.000000000,1.000000000
PDOCF,BWOC,-0.493700000,0.628230298
PDOCF,TOMI,-0.106430000,0.296538650
PDOCF,TFP,0.511000000,0.960028039
PDOCF,TFT,0.324700000,0.750133367
PDOCF,SPOF,-0.836500000,0.411962127
PDOCF,PDOIF,-0.255200000,0.802356793
PDOCF,PDOUF,0.193890000,0.057192931
PDOCF,PDOCF,1.000000000,0.000000000
PDOCF,OER,0.531000000,0.958464966
PDOCF,TCT,-0.598600000,0.557132215
PDOCF,UROCG,-0.633900000,0.534119854
PDOCF,BGV,-0.365000000,0.720351004
PDOCF,TLOF,0.100200000,0.921713744
PDOCF,API,-0.151970000,0.136068281
PDOCF,TOCW,-0.213820000,0.035961188
PDOCF,SWS,0.794600000,0.435774492
PDOCF,FOCG,0.000000000,1.000000000
PDOCF,ABT,0.503300000,0.621563989
PDOCF,VST,0.000000000,1.000000000
OER,C_C,-0.232740000,0.022430308
OER,C_SI,-0.886089000,0.000000000
OER,C_MN,-0.169520000,0.096361384
OER,C_P,-0.146000000,0.886135792
OER,C_S1,-0.672007000,0.000000000
OER,C_V,0.105700000,0.917431564
OER,C_TI,0.104060000,0.307425873
OER,C_CR,-0.537700000,0.597933296
OER,C_NI,-0.847900000,0.405619398
OER,C_CAO,-0.399700000,0.695040830
OER,C_SIO2,0.884500000,0.385653783
OER,C_MGO,-0.161330000,0.113555482
OER,C_AL2O3,-0.547800000,0.591073482
OER,C_FEO,-0.679071000,0.000000000
OER,C_S2,-0.466800000,0.647070630
OER,C_TIO2,0.773200000,0.448236366
OER,C_V2O5,0.134490000,0.187127395
OER,BA,-0.623300000,0.540979377
OER,CCO,0.908900000,0.372683034
OER,CCO2,-0.191600000,0.060194386
OER,CH2,-0.147000000,0.885361270
OER,CN2,-0.139000000,0.891560452
OER,C_CH4,-0.896900000,0.379027978
OER,FOCA,-0.205260000,0.044074387
OER,POCA,0.357525000,0.000000000
OER,OEF,0.733100000,0.472124176
OER,OEP,0.000000000,1.000000000
OER,TOHA,0.000000000,1.000000000
OER,POHA,0.830600000,0.415267735
OER,AWS,0.206380000,0.042931992
OER,FOCW,0.284300000,0.780368152
OER,BKE,-0.540900000,0.595755979
OER,FOTCW,0.000000000,1.000000000
OER,CIV,-0.120500000,0.905920839
OER,FS,-0.211110000,0.038379587
OER,FA,0.149800000,0.883193193
OER,NOCR,0.000000000,1.000000000
OER,BWOO,0.000000000,1.000000000
OER,BWOC,0.233630000,0.021921019
OER,TOMI,0.588629000,0.000000000
OER,TFP,0.256948000,0.000000000
OER,TFT,0.713200000,0.484234191
OER,SPOF,-0.362900000,0.721892956
OER,PDOIF,0.248810000,0.014659531
OER,PDOUF,0.247300000,0.015271913
OER,PDOCF,0.531000000,0.958464966
OER,OER,1.000000000,0.000000000
OER,TCT,0.786480000,0.000000000
OER,UROCG,0.227338000,0.000000000
OER,BGV,-0.179660000,0.078030373
OER,TLOF,0.942841000,0.000000000
OER,API,-0.137963000,0.000000000
OER,TOCW,-0.348200000,0.732717957
OER,SWS,0.939000000,0.926621569
OER,FOCG,0.000000000,1.000000000
OER,ABT,-0.130830000,0.199413917
OER,VST,0.000000000,1.000000000
TCT,C_C,-0.217280000,0.033063350
TCT,C_SI,-0.878824000,0.000000000
TCT,C_MN,-0.192090000,0.059541403
TCT,C_P,-0.682800000,0.503054434
TCT,C_S1,-0.846106000,0.000000000
TCT,C_V,0.564800000,0.579609717
TCT,C_TI,0.116820000,0.251878514
TCT,C_CR,0.890500000,0.382438959
TCT,C_NI,-0.175750000,0.084730875
TCT,C_CAO,0.766600000,0.452120194
TCT,C_SIO2,0.120970000,0.235422661
TCT,C_MGO,-0.409200000,0.688168970
TCT,C_AL2O3,-0.766400000,0.452238182
TCT,C_FEO,-0.849393000,0.000000000
TCT,C_S2,-0.504800000,0.620525159
TCT,C_TIO2,-0.632000000,0.950574008
TCT,C_V2O5,0.100750000,0.323068661
TCT,BA,-0.571200000,0.575321133
TCT,CCO,0.257730000,0.011464534
TCT,CCO2,-0.408690000,0.000060701
TCT,CH2,-0.842800000,0.408449693
TCT,CN2,-0.246500000,0.808962086
TCT,C_CH4,-0.139320000,0.171780940
TCT,FOCA,-0.406700000,0.000065927
TCT,POCA,0.370591000,0.000000000
TCT,OEF,0.185900000,0.068235703
TCT,OEP,0.000000000,1.000000000
TCT,TOHA,0.000000000,1.000000000
TCT,POHA,0.118890000,0.243572791
TCT,AWS,0.539620000,0.000000118
TCT,FOCW,-0.381400000,0.708348625
TCT,BKE,-0.246000000,0.809342119
TCT,FOTCW,0.000000000,1.000000000
TCT,CIV,0.774200000,0.447649565
TCT,FS,-0.542250000,0.000000102
TCT,FA,0.156300000,0.878163555
TCT,NOCR,0.000000000,1.000000000
TCT,BWOO,0.000000000,1.000000000
TCT,BWOC,0.218000000,0.982941544
TCT,TOMI,0.567890000,0.000000000
TCT,TFP,0.335979000,0.000000000
TCT,TFT,0.194700000,0.056161531
TCT,SPOF,-0.412200000,0.686004213
TCT,PDOIF,0.542040000,0.000000104
TCT,PDOUF,0.570080000,0.000000022
TCT,PDOCF,-0.598600000,0.557132215
TCT,OER,0.786480000,0.000000000
TCT,TCT,1.000000000,0.000000000
TCT,UROCG,0.243862000,0.000000000
TCT,BGV,-0.206590000,0.042720602
TCT,TLOF,0.731254000,0.000000000
TCT,API,-0.103226000,0.000000000
TCT,TOCW,-0.112090000,0.271592496
TCT,SWS,0.921200000,0.366248188
TCT,FOCG,0.000000000,1.000000000
TCT,ABT,-0.116370000,0.253709933
TCT,VST,0.000000000,1.000000000
UROCG,C_C,0.635600000,0.533023842
UROCG,C_SI,-0.256767000,0.000000000
UROCG,C_MN,-0.688500000,0.499496452
UROCG,C_P,-0.178810000,0.079449067
UROCG,C_S1,-0.249363000,0.000000000
UROCG,C_V,0.198950000,0.051000469
UROCG,C_TI,0.386000000,0.969800490
UROCG,C_CR,-0.281600000,0.782401253
UROCG,C_NI,-0.116530000,0.253057703
UROCG,C_CAO,0.131400000,0.197462636
UROCG,C_SIO2,-0.919000000,0.367394018
UROCG,C_MGO,0.116080000,0.254895080
UROCG,C_AL2O3,0.137600000,0.892646002
UROCG,C_FEO,-0.247351000,0.000000000
UROCG,C_S2,-0.118440000,0.245361812
UROCG,C_TIO2,-0.552400000,0.587961249
UROCG,C_V2O5,0.165430000,0.104667936
UROCG,BA,0.389300000,0.702592518
UROCG,CCO,-0.469812000,0.000000000
UROCG,CCO2,0.422916000,0.000000000
UROCG,CH2,-0.134620000,0.186701505
UROCG,CN2,-0.706800000,0.488164357
UROCG,C_CH4,-0.258600000,0.799779218
UROCG,FOCA,-0.730340000,0.000000000
UROCG,POCA,0.536820000,0.000000137
UROCG,OEF,-0.125000000,0.990218275
UROCG,OEP,0.000000000,1.000000000
UROCG,TOHA,0.000000000,1.000000000
UROCG,POHA,0.124480000,0.222110513
UROCG,AWS,-0.589719000,0.000000000
UROCG,FOCW,0.141410000,0.165440181
UROCG,BKE,-0.114160000,0.262838677
UROCG,FOTCW,0.000000000,1.000000000
UROCG,CIV,0.113660000,0.264935071
UROCG,FS,0.170556000,0.000000000
UROCG,FA,0.260000000,0.979655707
UROCG,NOCR,0.000000000,1.000000000
UROCG,BWOO,0.000000000,1.000000000
UROCG,BWOC,-0.104900000,0.303537225
UROCG,TOMI,0.171588000,0.000000000
UROCG,TFP,-0.207296000,0.000000000
UROCG,TFT,-0.231366000,0.000000000
UROCG,SPOF,-0.199840000,0.000000000
UROCG,PDOIF,-0.133177000,0.000000000
UROCG,PDOUF,-0.401357000,0.000000000
UROCG,PDOCF,-0.633900000,0.534119854
UROCG,OER,0.227338000,0.000000000
UROCG,TCT,0.243862000,0.000000000
UROCG,UROCG,1.000000000,0.000000000
UROCG,BGV,-0.187670000,0.065649168
UROCG,TLOF,0.208696000,0.000000000
UROCG,API,0.158220000,0.120685230
UROCG,TOCW,-0.307195000,0.000000000
UROCG,SWS,-0.467277000,0.000000000
UROCG,FOCG,0.000000000,1.000000000
UROCG,ABT,-0.127330000,0.211704884
UROCG,VST,0.000000000,1.000000000
BGV,C_C,0.100610000,0.323741532
BGV,C_SI,0.237810000,0.019661388
BGV,C_MN,0.968800000,0.342004476
BGV,C_P,-0.785400000,0.441107286
BGV,C_S1,0.267120000,0.008783825
BGV,C_V,-0.301800000,0.767227602
BGV,C_TI,-0.141700000,0.164574459
BGV,C_CR,-0.482800000,0.635836236
BGV,C_NI,-0.957900000,0.347463433
BGV,C_CAO,0.106500000,0.296221057
BGV,C_SIO2,-0.585100000,0.566058867
BGV,C_MGO,-0.156800000,0.877776861
BGV,C_AL2O3,0.132090000,0.195119298
BGV,C_FEO,0.261780000,0.010230091
BGV,C_S2,-0.115770000,0.256166213
BGV,C_TIO2,0.824700000,0.418588962
BGV,C_V2O5,0.107610000,0.291215355
BGV,BA,0.800300000,0.432489215
BGV,CCO,-0.909400000,0.372420097
BGV,CCO2,-0.568900000,0.576860616
BGV,CH2,0.288640000,0.004632392
BGV,CN2,0.119340000,0.241792953
BGV,C_CH4,0.743500000,0.465862320
BGV,FOCA,0.838600000,0.000000000
BGV,POCA,-0.579300000,0.569914989
BGV,OEF,-0.544400000,0.593378685
BGV,OEP,0.000000000,1.000000000
BGV,TOHA,0.000000000,1.000000000
BGV,POHA,-0.108580000,0.286887825
BGV,AWS,0.141660000,0.164693666
BGV,FOCW,-0.279900000,0.783682118
BGV,BKE,-0.370600000,0.716244702
BGV,FOTCW,0.000000000,1.000000000
BGV,CIV,0.101800000,0.920467780
BGV,FS,-0.759900000,0.456082246
BGV,FA,-0.542900000,0.594396993
BGV,NOCR,0.000000000,1.000000000
BGV,BWOO,0.000000000,1.000000000
BGV,BWOC,-0.129720000,0.203254131
BGV,TOMI,0.215070000,0.034890229
BGV,TFP,0.613020000,0.000000002
BGV,TFT,0.124070000,0.223637089
BGV,SPOF,0.530300000,0.602982129
BGV,PDOIF,-0.795640000,0.000000000
BGV,PDOUF,0.122040000,0.231306050
BGV,PDOCF,-0.365000000,0.720351004
BGV,OER,-0.179660000,0.078030373
BGV,TCT,-0.206590000,0.042720602
BGV,UROCG,-0.187670000,0.065649168
BGV,BGV,1.000000000,0.000000000
BGV,TLOF,0.253830000,0.012776406
BGV,API,0.765950000,0.000000000
BGV,TOCW,-0.905500000,0.374474053
BGV,SWS,-0.126280000,0.215496772
BGV,FOCG,0.000000000,1.000000000
BGV,ABT,0.297800000,0.770225414
BGV,VST,0.000000000,1.000000000
TLOF,C_C,-0.190030000,0.062326693
TLOF,C_SI,-0.836691000,0.000000000
TLOF,C_MN,-0.162630000,0.110675327
TLOF,C_P,-0.125900000,0.901725766
TLOF,C_S1,-0.599694000,0.000000000
TLOF,C_V,0.156200000,0.878240897
TLOF,C_TI,0.301300000,0.767602139
TLOF,C_CR,-0.105630000,0.300184460
TLOF,C_NI,-0.945400000,0.353791528
TLOF,C_CAO,-0.472700000,0.642918404
TLOF,C_SIO2,0.508400000,0.618035056
TLOF,C_MGO,-0.114070000,0.263215180
TLOF,C_AL2O3,-0.273500000,0.788509428
TLOF,C_FEO,-0.600196000,0.000000000
TLOF,C_S2,-0.253700000,0.803494644
TLOF,C_TIO2,0.116230000,0.254281593
TLOF,C_V2O5,0.912600000,0.370740024
TLOF,BA,0.347800000,0.733013270
TLOF,CCO,0.474500000,0.641653833
TLOF,CCO2,-0.148500000,0.145239479
TLOF,CH2,-0.860500000,0.398677314
TLOF,CN2,0.725000000,0.943312342
TLOF,C_CH4,-0.818900000,0.421869083
TLOF,FOCA,0.779600000,0.444488391
TLOF,POCA,0.333108000,0.000000000
TLOF,OEF,0.926500000,0.363496942
TLOF,OEP,0.000000000,1.000000000
TLOF,TOHA,0.000000000,1.000000000
TLOF,POHA,0.971100000,0.340859632
TLOF,AWS,0.113320000,0.266367182
TLOF,FOCW,-0.259400000,0.799173046
TLOF,BKE,-0.957800000,0.347513770
TLOF,FOTCW,0.000000000,1.000000000
TLOF,CIV,-0.178100000,0.861331928
TLOF,FS,-0.192800000,0.058605679
TLOF,FA,0.137000000,0.893111299
TLOF,NOCR,0.000000000,1.000000000
TLOF,BWOO,0.000000000,1.000000000
TLOF,BWOC,0.210600000,0.038849836
TLOF,TOMI,0.568814000,0.000000000
TLOF,TFP,0.242660000,0.000000000
TLOF,TFT,0.596900000,0.558252529
TLOF,SPOF,-0.299200000,0.769175787
TLOF,PDOIF,-0.984000000,0.923115684
TLOF,PDOUF,0.179750000,0.077881374
TLOF,PDOCF,0.100200000,0.921713744
TLOF,OER,0.942841000,0.000000000
TLOF,TCT,0.731254000,0.000000000
TLOF,UROCG,0.208696000,0.000000000
TLOF,BGV,0.253830000,0.012776406
TLOF,TLOF,1.000000000,0.000000000
TLOF,API,-0.119589000,0.000000000
TLOF,TOCW,-0.190100000,0.852093107
TLOF,SWS,0.623000000,0.951276978
TLOF,FOCG,0.000000000,1.000000000
TLOF,ABT,-0.203920000,0.045474791
TLOF,VST,0.000000000,1.000000000
API,C_C,0.122440000,0.229780335
API,C_SI,0.122732000,0.000000000
API,C_MN,-0.235500000,0.817333072
API,C_P,0.193100000,0.849786518
API,C_S1,0.875240000,0.000000000
API,C_V,-0.184080000,0.070982074
API,C_TI,0.249000000,0.980516252
API,C_CR,-0.487500000,0.632551839
API,C_NI,0.823600000,0.419209898
API,C_CAO,0.202200000,0.842797802
API,C_SIO2,0.858200000,0.399939155
API,C_MGO,-0.114780000,0.260255089
API,C_AL2O3,-0.132250000,0.194578839
API,C_FEO,0.861990000,0.000000000
API,C_S2,-0.302470000,0.003004512
API,C_TIO2,-0.355900000,0.727040929
API,C_V2O5,-0.716900000,0.481969913
API,BA,-0.429900000,0.673285043
API,CCO,-0.131164000,0.000000000
API,CCO2,-0.463390000,0.000005433
API,CH2,0.204880000,0.044467770
API,CN2,-0.580600000,0.569049598
API,C_CH4,0.117400000,0.908330316
API,FOCA,0.678085000,0.000000000
API,POCA,-0.651704000,0.000000000
API,OEF,0.302100000,0.767002906
API,OEP,0.000000000,1.000000000
API,TOHA,0.000000000,1.000000000
API,POHA,0.380500000,0.709005449
API,AWS,0.532060000,0.000000177
API,FOCW,0.160410000,0.115629175
API,BKE,-0.113310000,0.266409383
API,FOTCW,0.000000000,1.000000000
API,CIV,0.485200000,0.634158197
API,FS,-0.301590000,0.003090008
API,FA,0.115850000,0.255837758
API,NOCR,0.000000000,1.000000000
API,BWOO,0.000000000,1.000000000
API,BWOC,-0.164680000,0.106251087
API,TOMI,-0.751040000,0.000000000
API,TFP,0.347074000,0.000000000
API,TFT,0.295692000,0.000000000
API,SPOF,0.846410000,0.000000000
API,PDOIF,-0.723704000,0.000000000
API,PDOUF,0.648700000,0.000000000
API,PDOCF,-0.151970000,0.136068281
API,OER,-0.137963000,0.000000000
API,TCT,-0.103226000,0.000000000
API,UROCG,0.158220000,0.120685230
API,BGV,0.765950000,0.000000000
API,TLOF,-0.119589000,0.000000000
API,API,1.000000000,0.000000000
API,TOCW,-0.169000000,0.097387260
API,SWS,0.272036000,0.000000000
API,FOCG,0.000000000,1.000000000
API,ABT,0.185640000,0.068622610
API,VST,0.000000000,1.000000000
TOCW,C_C,-0.828400000,0.416504334
TOCW,C_SI,0.824500000,0.418701819
TOCW,C_MN,0.217210000,0.033119934
TOCW,C_P,0.129720000,0.203254131
TOCW,C_S1,0.119770000,0.240100788
TOCW,C_V,-0.200000000,0.998434886
TOCW,C_TI,0.134360000,0.187554002
TOCW,C_CR,-0.133910000,0.189036262
TOCW,C_NI,0.129250000,0.204896293
TOCW,C_CAO,0.670900000,0.510525441
TOCW,C_SIO2,0.113680000,0.264850995
TOCW,C_MGO,-0.397000000,0.968940311
TOCW,C_AL2O3,-0.817400000,0.422719836
TOCW,C_FEO,0.959900000,0.346457660
TOCW,C_S2,0.433000000,0.671066848
TOCW,C_TIO2,-0.808000000,0.428074054
TOCW,C_V2O5,-0.176040000,0.084218432
TOCW,BA,-0.581700000,0.568317834
TOCW,CCO,-0.250100000,0.806227181
TOCW,CCO2,-0.285338000,0.000000000
TOCW,CH2,0.904000000,0.929349358
TOCW,CN2,-0.501000000,0.960809634
TOCW,C_CH4,0.264300000,0.795462892
TOCW,FOCA,-0.126320000,0.215351429
TOCW,POCA,-0.403100000,0.692578512
TOCW,OEF,-0.423800000,0.677658171
TOCW,OEP,0.000000000,1.000000000
TOCW,TOHA,0.000000000,1.000000000
TOCW,POHA,0.958200000,0.347312449
TOCW,AWS,0.389224000,0.000000000
TOCW,FOCW,-0.319800000,0.753781105
TOCW,BKE,-0.307500000,0.762961742
TOCW,FOTCW,0.000000000,1.000000000
TOCW,CIV,0.257500000,0.800612902
TOCW,FS,-0.853800000,0.402359793
TOCW,FA,-0.384800000,0.705869248
TOCW,NOCR,0.000000000,1.000000000
TOCW,BWOO,0.000000000,1.000000000
TOCW,BWOC,-0.141400000,0.889699984
TOCW,TOMI,-0.219360000,0.031419341
TOCW,TFP,-0.296350000,0.003646670
TOCW,TFT,0.435330000,0.000019399
TOCW,SPOF,0.506937000,0.000000000
TOCW,PDOIF,0.688100000,0.499745698
TOCW,PDOUF,0.342300000,0.737077821
TOCW,PDOCF,-0.213820000,0.035961188
TOCW,OER,-0.348200000,0.732717957
TOCW,TCT,-0.112090000,0.271592496
TOCW,UROCG,-0.307195000,0.000000000
TOCW,BGV,-0.905500000,0.374474053
TOCW,TLOF,-0.190100000,0.852093107
TOCW,API,-0.169000000,0.097387260
TOCW,TOCW,1.000000000,0.000000000
TOCW,SWS,0.702600000,0.490752847
TOCW,FOCG,0.000000000,1.000000000
TOCW,ABT,0.430000000,0.966359994
TOCW,VST,0.000000000,1.000000000
SWS,C_C,-0.671200000,0.510336386
SWS,C_SI,-0.463200000,0.649609609
SWS,C_MN,-0.193580000,0.057591809
SWS,C_P,0.120110000,0.238768718
SWS,C_S1,-0.578000000,0.570781008
SWS,C_V,-0.152040000,0.135887981
SWS,C_TI,0.254200000,0.803115314
SWS,C_CR,-0.613200000,0.547556028
SWS,C_NI,0.229120000,0.024609227
SWS,C_CAO,-0.145910000,0.152387920
SWS,C_SIO2,0.919300000,0.367237637
SWS,C_MGO,-0.815100000,0.424026274
SWS,C_AL2O3,0.690600000,0.498188992
SWS,C_FEO,-0.975100000,0.338874452
SWS,C_S2,-0.121760000,0.232378322
SWS,C_TIO2,0.210300000,0.836587455
SWS,C_V2O5,0.626200000,0.539098350
SWS,BA,-0.152170000,0.135553629
SWS,CCO,0.690847000,0.000000000
SWS,CCO2,0.263400000,0.796144005
SWS,CH2,0.478300000,0.638987596
SWS,CN2,0.801300000,0.431914332
SWS,C_CH4,0.925000000,0.364274282
SWS,FOCA,0.437558000,0.000000000
SWS,POCA,-0.275871000,0.000000000
SWS,OEF,0.783300000,0.442329774
SWS,OEP,0.000000000,1.000000000
SWS,TOHA,0.000000000,1.000000000
SWS,POHA,-0.562200000,0.581356228
SWS,AWS,-0.890000000,0.993035326
SWS,FOCW,-0.870000000,0.393490809
SWS,BKE,-0.395400000,0.698159547
SWS,FOTCW,0.000000000,1.000000000
SWS,CIV,0.631800000,0.535475320
SWS,FS,0.343500000,0.736190378
SWS,FA,-0.595000000,0.953464234
SWS,NOCR,0.000000000,1.000000000
SWS,BWOO,0.000000000,1.000000000
SWS,BWOC,0.728400000,0.474969193
SWS,TOMI,-0.219600000,0.829469617
SWS,TFP,0.189066000,0.000000000
SWS,TFT,0.847300000,0.405951764
SWS,SPOF,-0.302760000,0.000000000
SWS,PDOIF,-0.136785000,0.000000000
SWS,PDOUF,0.418000000,0.967298252
SWS,PDOCF,0.794600000,0.435774492
SWS,OER,0.939000000,0.926621569
SWS,TCT,0.921200000,0.366248188
SWS,UROCG,-0.467277000,0.000000000
SWS,BGV,-0.126280000,0.215496772
SWS,TLOF,0.623000000,0.951276978
SWS,API,0.272036000,0.000000000
SWS,TOCW,0.702600000,0.490752847
SWS,SWS,1.000000000,0.000000000
SWS,FOCG,0.000000000,1.000000000
SWS,ABT,0.232240000,0.022720913
SWS,VST,0.000000000,1.000000000
FOCG,C_C,0.000000000,1.000000000
FOCG,C_SI,0.000000000,1.000000000
FOCG,C_MN,0.000000000,1.000000000
FOCG,C_P,0.000000000,1.000000000
FOCG,C_S1,0.000000000,1.000000000
FOCG,C_V,0.000000000,1.000000000
FOCG,C_TI,0.000000000,1.000000000
FOCG,C_CR,0.000000000,1.000000000
FOCG,C_NI,0.000000000,1.000000000
FOCG,C_CAO,0.000000000,1.000000000
FOCG,C_SIO2,0.000000000,1.000000000
FOCG,C_MGO,0.000000000,1.000000000
FOCG,C_AL2O3,0.000000000,1.000000000
FOCG,C_FEO,0.000000000,1.000000000
FOCG,C_S2,0.000000000,1.000000000
FOCG,C_TIO2,0.000000000,1.000000000
FOCG,C_V2O5,0.000000000,1.000000000
FOCG,BA,0.000000000,1.000000000
FOCG,CCO,0.000000000,1.000000000
FOCG,CCO2,0.000000000,1.000000000
FOCG,CH2,0.000000000,1.000000000
FOCG,CN2,0.000000000,1.000000000
FOCG,C_CH4,0.000000000,1.000000000
FOCG,FOCA,0.000000000,1.000000000
FOCG,POCA,0.000000000,1.000000000
FOCG,OEF,0.000000000,1.000000000
FOCG,OEP,0.000000000,1.000000000
FOCG,TOHA,0.000000000,1.000000000
FOCG,POHA,0.000000000,1.000000000
FOCG,AWS,0.000000000,1.000000000
FOCG,FOCW,0.000000000,1.000000000
FOCG,BKE,0.000000000,1.000000000
FOCG,FOTCW,0.000000000,1.000000000
FOCG,CIV,0.000000000,1.000000000
FOCG,FS,0.000000000,1.000000000
FOCG,FA,0.000000000,1.000000000
FOCG,NOCR,0.000000000,1.000000000
FOCG,BWOO,0.000000000,1.000000000
FOCG,BWOC,0.000000000,1.000000000
FOCG,TOMI,0.000000000,1.000000000
FOCG,TFP,0.000000000,1.000000000
FOCG,TFT,0.000000000,1.000000000
FOCG,SPOF,0.000000000,1.000000000
FOCG,PDOIF,0.000000000,1.000000000
FOCG,PDOUF,0.000000000,1.000000000
FOCG,PDOCF,0.000000000,1.000000000
FOCG,OER,0.000000000,1.000000000
FOCG,TCT,0.000000000,1.000000000
FOCG,UROCG,0.000000000,1.000000000
FOCG,BGV,0.000000000,1.000000000
FOCG,TLOF,0.000000000,1.000000000
FOCG,API,0.000000000,1.000000000
FOCG,TOCW,0.000000000,1.000000000
FOCG,SWS,0.000000000,1.000000000
FOCG,FOCG,1.000000000,0.000000000
FOCG,ABT,0.000000000,1.000000000
FOCG,VST,0.000000000,1.000000000
ABT,C_C,0.740000000,0.467964511
ABT,C_SI,0.160190000,0.116129442
ABT,C_MN,-0.296100000,0.771500527
ABT,C_P,-0.987100000,0.332963527
ABT,C_S1,0.658100000,0.518625753
ABT,C_V,0.839200000,0.410454610
ABT,C_TI,0.872800000,0.391969985
ABT,C_CR,0.252000000,0.980281556
ABT,C_NI,-0.944400000,0.354300902
ABT,C_CAO,0.190450000,0.061750236
ABT,C_SIO2,0.130090000,0.201968123
ABT,C_MGO,0.134090000,0.188442325
ABT,C_AL2O3,-0.708000000,0.944639410
ABT,C_FEO,0.590100000,0.562744706
ABT,C_S2,-0.344800000,0.735229379
ABT,C_TIO2,-0.598600000,0.557132215
ABT,C_V2O5,0.116870000,0.251675593
ABT,BA,-0.211030000,0.038453030
ABT,CCO,0.124990000,0.220222035
ABT,CCO2,0.322200000,0.751993765
ABT,CH2,0.250230000,0.014103501
ABT,CN2,-0.350500000,0.731020673
ABT,C_CH4,0.345400000,0.734785980
ABT,FOCA,0.236830000,0.020172065
ABT,POCA,-0.195950000,0.054600284
ABT,OEF,-0.107000000,0.991626787
ABT,OEP,0.000000000,1.000000000
ABT,TOHA,0.000000000,1.000000000
ABT,POHA,-0.839000000,0.410566165
ABT,AWS,0.155600000,0.878704976
ABT,FOCW,0.817400000,0.422719836
ABT,BKE,0.199260000,0.050640085
ABT,FOTCW,0.000000000,1.000000000
ABT,CIV,0.424000000,0.677514617
ABT,FS,0.934300000,0.359471522
ABT,FA,-0.933000000,0.927089130
ABT,NOCR,0.000000000,1.000000000
ABT,BWOO,0.000000000,1.000000000
ABT,BWOC,0.154400000,0.879633258
ABT,TOMI,-0.693700000,0.496262265
ABT,TFP,-0.561700000,0.581692377
ABT,TFT,-0.224250000,0.027828238
ABT,SPOF,-0.157070000,0.123408648
ABT,PDOIF,-0.136830000,0.179570557
ABT,PDOUF,-0.876000000,0.390236273
ABT,PDOCF,0.503300000,0.621563989
ABT,OER,-0.130830000,0.199413917
ABT,TCT,-0.116370000,0.253709933
ABT,UROCG,-0.127330000,0.211704884
ABT,BGV,0.297800000,0.770225414
ABT,TLOF,-0.203920000,0.045474791
ABT,API,0.185640000,0.068622610
ABT,TOCW,0.430000000,0.966359994
ABT,SWS,0.232240000,0.022720913
ABT,FOCG,0.000000000,1.000000000
ABT,ABT,1.000000000,0.000000000
ABT,VST,0.000000000,1.000000000
VST,C_C,0.000000000,1.000000000
VST,C_SI,0.000000000,1.000000000
VST,C_MN,0.000000000,1.000000000
VST,C_P,0.000000000,1.000000000
VST,C_S1,0.000000000,1.000000000
VST,C_V,0.000000000,1.000000000
VST,C_TI,0.000000000,1.000000000
VST,C_CR,0.000000000,1.000000000
VST,C_NI,0.000000000,1.000000000
VST,C_CAO,0.000000000,1.000000000
VST,C_SIO2,0.000000000,1.000000000
VST,C_MGO,0.000000000,1.000000000
VST,C_AL2O3,0.000000000,1.000000000
VST,C_FEO,0.000000000,1.000000000
VST,C_S2,0.000000000,1.000000000
VST,C_TIO2,0.000000000,1.000000000
VST,C_V2O5,0.000000000,1.000000000
VST,BA,0.000000000,1.000000000
VST,CCO,0.000000000,1.000000000
VST,CCO2,0.000000000,1.000000000
VST,CH2,0.000000000,1.000000000
VST,CN2,0.000000000,1.000000000
VST,C_CH4,0.000000000,1.000000000
VST,FOCA,0.000000000,1.000000000
VST,POCA,0.000000000,1.000000000
VST,OEF,0.000000000,1.000000000
VST,OEP,0.000000000,1.000000000
VST,TOHA,0.000000000,1.000000000
VST,POHA,0.000000000,1.000000000
VST,AWS,0.000000000,1.000000000
VST,FOCW,0.000000000,1.000000000
VST,BKE,0.000000000,1.000000000
VST,FOTCW,0.000000000,1.000000000
VST,CIV,0.000000000,1.000000000
VST,FS,0.000000000,1.000000000
VST,FA,0.000000000,1.000000000
VST,NOCR,0.000000000,1.000000000
VST,BWOO,0.000000000,1.000000000
VST,BWOC,0.000000000,1.000000000
VST,TOMI,0.000000000,1.000000000
VST,TFP,0.000000000,1.000000000
VST,TFT,0.000000000,1.000000000
VST,SPOF,0.000000000,1.000000000
VST,PDOIF,0.000000000,1.000000000
VST,PDOUF,0.000000000,1.000000000
VST,PDOCF,0.000000000,1.000000000
VST,OER,0.000000000,1.000000000
VST,TCT,0.000000000,1.000000000
VST,UROCG,0.000000000,1.000000000
VST,BGV,0.000000000,1.000000000
VST,TLOF,0.000000000,1.000000000
VST,API,0.000000000,1.000000000
VST,TOCW,0.000000000,1.000000000
VST,SWS,0.000000000,1.000000000
VST,FOCG,0.000000000,1.000000000
VST,ABT,0.000000000,1.000000000
VST,VST,1.000000000,0.000000000
